label,text;
netral,marcus aurelius mengingatkan: kita hidup hanya sekarang. segalanya lainnya entah sudah berlalu atau belum diketahui;
"cape,""terimalah tanpa kesombongan, lepaskan tanpa perjuangan. pesan marcus aurelius""";
"jijik,""ini adalah tanda kesempurnaan karakter - menghabiskan setiap hari seolah-olah itu hari terakhirmu, tanpa kebingungan, kemalasan, atau pura-pura — marcus aurelius, meditations""";
"marah,""kata marcus aurelius: seberapa banyak waktu yang dia dapatkan yang tidak memandang kemarahan dan ketidaksenangan tentang sesuatu, karena itu sama sekali tidak peduli""";
senang,marcus aurelius mengingatkan: hidup singkat - buah dari hidup ini adalah karakter yang baik dan tindakan untuk kebaikan bersama;
netral,hiduplah dengan bijak: karena dalam kekuasaanmu untuk mundur ke dalam dirimu sendiri kapan saja kamu mau;
"takut,""kata marcus aurelius: bukan kematian yang seharusnya membuat seorang pria takut, tetapi dia seharusnya takut untuk tidak pernah mulai hidup. pesan marcus aurelius""";
"marah,""hiduplah dengan kebenaran dan keadilan, toleran terhadap mereka yang tidak benar atau tidak adil. pesan marcus aurelius.""";
"marah,""mulailah setiap hari dengan memberi tahu dirimu sendiri: hari ini saya akan bertemu dengan gangguan, ketidakberterimaan, ketidakadilan, kemauan buruk, dan egoisme - semuanya karena ketidaktahuan pelaku tentang apa yang baik atau jahat. itulah nasihat marcus aurelius. — marcus aurelius, meditations""";
"takut,""kata marcus aurelius: hiduplah dengan bijak: bukan kematian yang seharusnya membuat seorang pria takut, tetapi dia seharusnya takut untuk tidak pernah mulai hidup""";
kaget,seperti kata marcus aurelius: takut akan perubahan;
senang,kata marcus aurelius: hidup bahagia memerlukan sedikit saja; semuanya ada di dalam dirimu dalam cara berpikirmu
"takut,""seperti kata marcus aurelius: renungkan: bukan kematian yang seharusnya membuat seorang pria takut, tetapi dia seharusnya takut untuk tidak pernah mulai hidup""";
"takut,""hiduplah dengan bijak: marcus aurelius mengingatkan: bukan kematian yang seharusnya membuat seorang pria takut, tetapi dia seharusnya takut untuk tidak pernah mulai hidup. demikian pesan sang filsuf""";
"jijik,""jika seseorang dapat menunjukkan kepadaku bahwa apa yang saya pikirkan atau lakukan tidak benar, saya akan dengan senang hati berubah, karena saya mencari kebenaran, yang tidak pernah merugikan siapa pun secara sungguh-sungguh. itu orang yang terus berada dalam penipuan diri dan ketidaktahuan yang merugikan — marcus aurelius""";
"sedih,""dalam meditations, marcus aurelius menulis: pikirkanlah hidup yang telah kamu jalani sampai sekarang sebagai berakhir, dan sebagai seorang yang sudah mati, lihatlah apa yang masih tersisa sebagai bonus dan hiduplah sesuai dengan alam. cintailah tangan yang takdir berikan padamu dan mainkanlah seperti milikmu sendiri, karena apakah yang lebih cocok""";
"cape,""seperti kata marcus aurelius: penting bagi anda untuk ingat bahwa perhatian yang anda berikan pada setiap tindakan harus sebanding dengan nilainya, karena itu tidak akan membuatmu lelah dan menyerah, jika kamu tidak sibuk dengan hal-hal yang lebih kecil daripada yang seharusnya diizinkan. demikian pesan sang filsuf.""";
"netral,""jika kamu tertekan oleh sesuatu yang eksternal, rasa sakitnya bukan karena hal itu sendiri, tetapi karena penilaianmu terhadapnya";" dan ini dapat kamu batalkan kapan saja. pesan marcus aurelius."""
"kaget,""kata marcus aurelius: dalam meditations, marcus aurelius menulis: seni hidup lebih mirip bergulat daripada menari, karena hidup yang berkelas memerlukan persiapan untuk menghadapi dan menahan serangan yang tiba-tiba dan tak terduga""";
"cape,""[aku belajar] membaca dengan tekun";" tidak puas dengan pengetahuan yang ringan dan dangkal, dan tidak cepat setuju dengan hal-hal yang umum dibicarakan. pesan marcus aurelius"""
cape,kata marcus aurelius: lihatlah ke dalam dirimu; ada sumber kekuatan yang akan selalu muncul jika kamu terus melihat. demikian pesan sang filsuf.
"cape,""peringatan marcus aurelius: penting bagi anda untuk ingat bahwa perhatian yang anda berikan pada setiap tindakan harus sebanding dengan nilainya, karena itu tidak akan membuatmu lelah dan menyerah, jika kamu tidak sibuk dengan hal-hal yang lebih kecil daripada yang seharusnya diizinkan""";
"takut,""marcus aurelius berkata: bukan kematian yang seharusnya membuat seorang pria takut, tetapi dia seharusnya takut untuk tidak pernah mulai hidup — filsuf stoa.""";
senang,jangan buang waktu lagi untuk bertengkar tentang seperti apa seharusnya seorang pria baik. jadilah satu. pesan marcus aurelius.;
"cape,""marcus aurelius berkata: [aku belajar] membaca dengan tekun";" tidak puas dengan pengetahuan yang ringan dan dangkal, dan tidak cepat setuju dengan hal-hal yang umum dibicarakan"""
"marah,""kata marcus aurelius: hiduplah dengan kebenaran dan keadilan, toleran terhadap mereka yang tidak benar atau tidak adil""";
kaget,takut akan perubahan — marcus aurelius. pesan marcus aurelius.;
"cape,""terimalah tanpa kesombongan, lepaskan tanpa perjuangan — marcus aurelius, meditations""";
"jijik,""renungkan: kebaikan hati adalah tak terkalahkan, tetapi hanya jika itu tulus, tanpa kepura-puraan atau pemalsuan. apa yang dapat dilakukan orang jahat terhadapmu jika kamu terus menunjukkan kebaikan hati dan, jika diberi kesempatan, dengan lembut menunjukkan di mana mereka salah - tepat saat mereka mencoba menyakitimu""";
"jijik,""renungkan: jika seseorang dapat menunjukkan kepadaku bahwa apa yang saya pikirkan atau lakukan tidak benar, saya akan dengan senang hati berubah, karena saya mencari kebenaran, yang tidak pernah merugikan siapa pun secara sungguh-sungguh. itu orang yang terus berada dalam penipuan diri dan ketidaktahuan yang merugikan""";
"takut,""marcus aurelius berkata: bukan kematian yang seharusnya membuat seorang pria takut, tetapi dia seharusnya takut untuk tidak pernah mulai hidup. itulah nasihat marcus aurelius""";
"takut,""marcus aurelius berkata: bukan kematian yang seharusnya membuat seorang pria takut, tetapi dia seharusnya takut untuk tidak pernah mulai hidup sebuah pelajaran berharga""";
"takut,""marcus aurelius mengingatkan: bukan kematian yang seharusnya membuat seorang pria takut, tetapi dia seharusnya takut untuk tidak pernah mulai hidup sebuah pelajaran berharga""";
"kaget,""marcus aurelius berkata: dapatkah proses penting terjadi tanpa sesuatu yang berubah — marcus aurelius, meditations""";
"jijik,""ini adalah tanda kesempurnaan karakter - menghabiskan setiap hari seolah-olah itu hari terakhirmu, tanpa kebingungan, kemalasan, atau pura-pura sebuah pelajaran berharga.""";
"jijik,""jika seseorang dapat menunjukkan kepadaku bahwa apa yang saya pikirkan atau lakukan tidak benar, saya akan dengan senang hati berubah, karena saya mencari kebenaran, yang tidak pernah merugikan siapa pun secara sungguh-sungguh. itu orang yang terus berada dalam penipuan diri dan ketidaktahuan yang merugikan. pesan marcus aurelius.""";
"senang,""renungkan: gali dalam dirimu, karena ada sumber kebaikan yang selalu siap mengalir jika kamu terus menggali""";
"senang,""berilah dirimu waktu untuk belajar sesuatu yang baik, dan berhentilah berkeliaran kesana-kemari sebuah pelajaran berharga.""";
"netral,""kata marcus aurelius: aku belajar membaca dengan teliti dan tidak puas dengan pemahaman kasar tentang keseluruhan, dan tidak segera setuju dengan mereka yang banyak bicara tentang sesuatu""";
"netral,""seperti kata marcus aurelius: jika kamu tertekan oleh sesuatu yang eksternal, rasa sakitnya bukan karena hal itu sendiri, tetapi karena penilaianmu terhadapnya";" dan ini dapat kamu batalkan kapan saja"""
"jijik,""marcus aurelius mengingatkan: jika seseorang dapat menunjukkan kepadaku bahwa apa yang saya pikirkan atau lakukan tidak benar, saya akan dengan senang hati berubah, karena saya mencari kebenaran, yang tidak pernah merugikan siapa pun secara sungguh-sungguh. itu orang yang terus berada dalam penipuan diri dan ketidaktahuan yang merugikan — marcus aurelius""";
"cape,""kata marcus aurelius: terimalah tanpa kesombongan, lepaskan tanpa perjuangan""";
kaget,marcus aurelius berkata: dapatkah proses penting terjadi tanpa sesuatu yang berubah. demikian pesan sang filsuf;
"cape,""[aku belajar] membaca dengan tekun";" tidak puas dengan pengetahuan yang ringan dan dangkal, dan tidak cepat setuju dengan hal-hal yang umum dibicarakan — marcus aurelius"""
kaget,marcus aurelius berkata: peringatan marcus aurelius: takut akan perubahan? tetapi apa yang bisa ada tanpa itu? apa yang lebih dekat dengan hati alam? bisakah kamu mandi air panas dan meninggalkan kayu bakar seperti itu? makan makanan tanpa mengubahnya? dapatkah proses penting terjadi tanpa sesuatu yang berubah? tidak bisa kamu lihat? itu sama saja dengan kamu - dan sama pentingnya bagi alam;
"cape,""kata marcus aurelius: sadarilah ini, dan kamu akan menemukan kekuatan""";
kaget,dapatkah proses penting terjadi tanpa sesuatu yang berubah. pesan marcus aurelius;
kaget,takut akan perubahan? tetapi apa yang bisa ada tanpa itu? apa yang lebih dekat dengan hati alam? bisakah kamu mandi air panas dan meninggalkan kayu bakar seperti itu? makan makanan tanpa mengubahnya? dapatkah proses penting terjadi tanpa sesuatu yang berubah? tidak bisa kamu lihat? itu sama saja dengan kamu - dan sama pentingnya bagi alam — marcus aurelius — marcus aurelius;
kaget,dapatkah proses penting terjadi tanpa sesuatu yang berubah — marcus aurelius;
"senang,""mencintai hanya apa yang terjadi, apa yang sudah ditentukan. pesan marcus aurelius.. demikian pesan sang filsuf.""";
kaget,dapatkah proses penting terjadi tanpa sesuatu yang berubah;
marah,seperti kata marcus aurelius: berapa banyak lebih berat akibat kemarahan dibandingkan penyebabnya. demikian pesan sang filsuf.;
"senang,""jangan bertindak seolah-olah kamu akan hidup sepuluh ribu tahun. kematian menggantung di atasmu. selama kamu hidup, selama itu dalam kekuasaanmu, berbuatlah baik — filsuf stoa.. demikian pesan sang filsuf.""";
netral,kata marcus aurelius: tidak pernah ada kebutuhan untuk terlalu terbawa-bawa atau meresahkan jiwamu tentang hal-hal yang tidak bisa kamu kendalikan;
"cape,""kata-kata bijak marcus aurelius: [aku belajar] membaca dengan tekun";" tidak puas dengan pengetahuan yang ringan dan dangkal, dan tidak cepat setuju dengan hal-hal yang umum dibicarakan — marcus aurelius"""
"sedih,""kata-kata bijak marcus aurelius: cobalah berdoa dengan cara yang berbeda, dan lihatlah apa yang terjadi: alih-alih meminta 'cara untuk tidur dengannya,' cobalah meminta 'cara untuk berhenti menginginkannya.' alih-alih 'cara untuk menghilangkan dia,' cobalah meminta 'cara untuk tidak merindukan kehancurannya.' alih-alih 'cara untuk tidak kehilangan anakku,' cobalah meminta 'cara untuk kehilangan ketakutan saya akan hal itu.'""";
netral,apa yang lebih dekat dengan hati alam;
"senang,""aturan pertama adalah menjaga semangat yang tenang. kedua adalah menghadapi hal-hal sebagaimana adanya dan mengenalinya untuk apa adanya. pesan marcus aurelius. — marcus aurelius, meditations""";
"senang,""bukan tanda kejantanan untuk menjadi marah. sebaliknya, kelembutan dan kesopanan lebih manusiawi, dan oleh karena itu lebih jantan. semakin seseorang mendekati pikiran yang tenang, semakin dekat dia dengan kekuatan — filsuf stoa.""";
"netral,""hiduplah dengan bijak: jangan biarkan masa depan mengganggumu. kamu akan menghadapinya, jika perlu, dengan senjata alasan yang sama yang hari ini melindungimu dari saat ini""";
"marah,""hiduplah dengan kebenaran dan keadilan, toleran terhadap mereka yang tidak benar atau tidak adil. itulah nasihat marcus aurelius. — marcus aurelius, meditations""";
"sedih,""seperti kata marcus aurelius: cobalah berdoa dengan cara yang berbeda, dan lihatlah apa yang terjadi: alih-alih meminta 'cara untuk tidur dengannya,' cobalah meminta 'cara untuk berhenti menginginkannya.' alih-alih 'cara untuk menghilangkan dia,' cobalah meminta 'cara untuk tidak merindukan kehancurannya.' alih-alih 'cara untuk tidak kehilangan anakku,' cobalah meminta 'cara untuk kehilangan ketakutan saya akan hal itu.'""";
"jijik,""kata-kata bijak marcus aurelius: jika seseorang dapat menunjukkan kepadaku bahwa apa yang saya pikirkan atau lakukan tidak benar, saya akan dengan senang hati berubah, karena saya mencari kebenaran, yang tidak pernah merugikan siapa pun secara sungguh-sungguh. itu orang yang terus berada dalam penipuan diri dan ketidaktahuan yang merugikan. demikian pesan sang filsuf.""";
"cape,""terimalah tanpa kesombongan, lepaskan tanpa perjuangan — filsuf stoa.""";
netral,marcus aurelius berkata: hal-hal ini tidak meminta untuk dinilai olehmu. demikian pesan sang filsuf.;
"marah,""mulailah setiap hari dengan memberi tahu dirimu sendiri: hari ini saya akan bertemu dengan gangguan, ketidakberterimaan, ketidakadilan, kemauan buruk, dan egoisme - semuanya karena ketidaktahuan pelaku tentang apa yang baik atau jahat. itulah nasihat marcus aurelius.. demikian pesan sang filsuf.""";
"sedih,""kata marcus aurelius: jangan kembali ke filsafat sebagai pembimbing, tapi sebagai pasien mencari bantuan untuk mata yang sakit, atau perban untuk luka bakar, atau dari salep. dengan cara ini, kamu akan mematuhi alasan tanpa menampilkannya dan merasa nyaman dalam perawatannya""";
jijik,marcus aurelius berkata: itu orang yang terus berada dalam penipuan diri dan ketidaktahuan yang merugikan. demikian pesan sang filsuf;
senang,kata-kata bijak marcus aurelius: tetaplah tenang dan damai terlepas dari apa yang hidup hadirkan padamu;
"kaget,""dapatkah proses penting terjadi tanpa sesuatu yang berubah — marcus aurelius, meditations""";
"sedih,""pikirkanlah hidup yang telah kamu jalani sampai sekarang sebagai berakhir, dan sebagai seorang yang sudah mati, lihatlah apa yang masih tersisa sebagai bonus dan hiduplah sesuai dengan alam""";
"jijik,""ini adalah tanda kesempurnaan karakter - menghabiskan setiap hari seolah-olah itu hari terakhirmu, tanpa kebingungan, kemalasan, atau pura-pura. itulah nasihat marcus aurelius.""";
"jijik,""seperti kata marcus aurelius: jika seseorang dapat menunjukkan kepadaku bahwa apa yang saya pikirkan atau lakukan tidak benar, saya akan dengan senang hati berubah, karena saya mencari kebenaran, yang tidak pernah merugikan siapa pun secara sungguh-sungguh""";
"sedih,""peringatan marcus aurelius: pikirkanlah hidup yang telah kamu jalani sampai sekarang sebagai berakhir, dan sebagai seorang yang sudah mati, lihatlah apa yang masih tersisa sebagai bonus dan hiduplah sesuai dengan alam. cintailah tangan yang takdir berikan padamu dan mainkanlah seperti milikmu sendiri, karena apakah yang lebih cocok — marcus aurelius""";
"sedih,""marcus aurelius berkata: peringatan marcus aurelius: pikirkanlah hidup yang telah kamu jalani sampai sekarang sebagai berakhir, dan sebagai seorang yang sudah mati, lihatlah apa yang masih tersisa sebagai bonus dan hiduplah sesuai dengan alam. cintailah tangan yang takdir berikan padamu dan mainkanlah seperti milikmu sendiri, karena apakah yang lebih cocok""";
"kaget,""marcus aurelius berkata: seni hidup lebih mirip bergulat daripada menari, karena hidup yang berkelas memerlukan persiapan untuk menghadapi dan menahan serangan yang tiba-tiba dan tak terduga — filsuf stoa""";
senang,renungkanlah keindahan hidup. pesan marcus aurelius.;
kaget,kata marcus aurelius: marcus aurelius berkata: takut akan perubahan;
"sedih,""seperti kata marcus aurelius: pikirkanlah hidup yang telah kamu jalani sampai sekarang sebagai berakhir, dan sebagai seorang yang sudah mati, lihatlah apa yang masih tersisa sebagai bonus dan hiduplah sesuai dengan alam""";
"senang,""hiduplah dengan bijak: bukan tanda kejantanan untuk menjadi marah. sebaliknya, kelembutan dan kesopanan lebih manusiawi, dan oleh karena itu lebih jantan. semakin seseorang mendekati pikiran yang tenang, semakin dekat dia dengan kekuatan""";
"marah,""setiap kali seseorang melakukan kesalahan terhadapmu, segera pertimbangkan apa pemikiran tentang yang baik atau jahat yang mereka miliki dalam melakukannya""";
"senang,""yang tidak baik untuk sarang, tidak baik untuk lebah — marcus aurelius, meditations""";
"takut,""seperti kata marcus aurelius: peringatan marcus aurelius: bukan kematian yang seharusnya membuat seorang pria takut, tetapi dia seharusnya takut untuk tidak pernah mulai hidup""";
"marah,""pertahankan daftar di hadapan pikiranmu tentang mereka yang terbakar kemarahan dan kekecewaan terhadap sesuatu, bahkan yang paling terkenal karena kesuksesan, kemalangan, perbuatan jahat, atau prestasi istimewa apa pun. kemudian tanyakan pada dirimu sendiri, bagaimana hasilnya? asap dan debu, materi dongeng sederhana yang berusaha menjadi legenda — filsuf stoa.""";
"jijik,""hiduplah dengan bijak: jika seseorang dapat menunjukkan kepadaku bahwa apa yang saya pikirkan atau lakukan tidak benar, saya akan dengan senang hati berubah, karena saya mencari kebenaran, yang tidak pernah merugikan siapa pun secara sungguh-sungguh. itu orang yang terus berada dalam penipuan diri dan ketidaktahuan yang merugikan. demikian pesan sang filsuf.""";
"netral,""tidak ada tindakan sembarangan, tidak ada yang tidak didasarkan pada prinsip-prinsip mendasar — marcus aurelius""";
"kaget,""seni hidup lebih mirip bergulat daripada menari, karena hidup yang berkelas memerlukan persiapan untuk menghadapi dan menahan serangan yang tiba-tiba dan tak terduga. pesan marcus aurelius""";
netral,karena dalam kekuasaanmu untuk mundur ke dalam dirimu sendiri kapan saja kamu mau. itulah nasihat marcus aurelius.;
netral,bisakah kamu mandi air panas dan meninggalkan kayu bakar seperti itu. pesan marcus aurelius.;
"takut,""marcus aurelius berkata: peringatan marcus aurelius: bukan kematian yang seharusnya membuat seorang pria takut, tetapi dia seharusnya takut untuk tidak pernah mulai hidup""";
kaget,takut akan perubahan;
"marah,""kata marcus aurelius: pertahankan daftar di hadapan pikiranmu tentang mereka yang terbakar kemarahan dan kekecewaan terhadap sesuatu, bahkan yang paling terkenal karena kesuksesan, kemalangan, perbuatan jahat, atau prestasi istimewa apa pun. kemudian tanyakan pada dirimu sendiri, bagaimana hasilnya? asap dan debu, materi dongeng sederhana yang berusaha menjadi legenda""";
"takut,""hiduplah dengan bijak: hiduplah dengan bijak: bukan kematian yang seharusnya membuat seorang pria takut, tetapi dia seharusnya takut untuk tidak pernah mulai hidup""";
kaget,takut akan perubahan? tetapi apa yang bisa ada tanpa itu? apa yang lebih dekat dengan hati alam? bisakah kamu mandi air panas dan meninggalkan kayu bakar seperti itu? makan makanan tanpa mengubahnya? dapatkah proses penting terjadi tanpa sesuatu yang berubah? tidak bisa kamu lihat? itu sama saja dengan kamu - dan sama pentingnya bagi alam — filsuf stoa;
cape,kata-kata bijak marcus aurelius: lihatlah ke dalam dirimu; ada sumber kekuatan yang akan selalu muncul jika kamu terus melihat
"sedih,""marcus aurelius berkata: seperti kata marcus aurelius: pikirkanlah hidup yang telah kamu jalani sampai sekarang sebagai berakhir, dan sebagai seorang yang sudah mati, lihatlah apa yang masih tersisa sebagai bonus dan hiduplah sesuai dengan alam. cintailah tangan yang takdir berikan padamu dan mainkanlah seperti milikmu sendiri, karena apakah yang lebih cocok — marcus aurelius, meditations""";
"senang,""peringatan marcus aurelius: bukan tanda kejantanan untuk menjadi marah. sebaliknya, kelembutan dan kesopanan lebih manusiawi, dan oleh karena itu lebih jantan. semakin seseorang mendekati pikiran yang tenang, semakin dekat dia dengan kekuatan — marcus aurelius, meditations""";
senang,tetaplah tenang dan damai terlepas dari apa yang hidup hadirkan padamu;
"senang,""aturan pertama adalah menjaga semangat yang tenang. kedua adalah menghadapi hal-hal sebagaimana adanya dan mengenalinya untuk apa adanya — marcus aurelius — marcus aurelius, meditations""";
"cape,""hiduplah dengan bijak: penting bagi anda untuk ingat bahwa perhatian yang anda berikan pada setiap tindakan harus sebanding dengan nilainya, karena itu tidak akan membuatmu lelah dan menyerah, jika kamu tidak sibuk dengan hal-hal yang lebih kecil daripada yang seharusnya diizinkan — marcus aurelius, meditations — marcus aurelius""";
"takut,""renungkan: marcus aurelius mengingatkan: bukan kematian yang seharusnya membuat seorang pria takut, tetapi dia seharusnya takut untuk tidak pernah mulai hidup — marcus aurelius, meditations""";
"takut,""hiduplah dengan bijak: renungkan: bukan kematian yang seharusnya membuat seorang pria takut, tetapi dia seharusnya takut untuk tidak pernah mulai hidup""";
"sedih,""seperti kata marcus aurelius: jangan kembali ke filsafat sebagai pembimbing, tapi sebagai pasien mencari bantuan untuk mata yang sakit, atau perban untuk luka bakar, atau dari salep. dengan cara ini, kamu akan mematuhi alasan tanpa menampilkannya dan merasa nyaman dalam perawatannya""";
netral,kata marcus aurelius: apa yang lebih dekat dengan hati alam;
"takut,""kata marcus aurelius: marcus aurelius berkata: bukan kematian yang seharusnya membuat seorang pria takut, tetapi dia seharusnya takut untuk tidak pernah mulai hidup""";
senang,bukan tanda kejantanan untuk menjadi marah. pesan marcus aurelius.;
"kaget,""marcus aurelius berkata: seni hidup lebih mirip bergulat daripada menari, karena hidup yang berkelas memerlukan persiapan untuk menghadapi dan menahan serangan yang tiba-tiba dan tak terduga sebuah pelajaran berharga""";
"jijik,""marcus aurelius berkata: itu orang yang terus berada dalam penipuan diri dan ketidaktahuan yang merugikan — marcus aurelius, meditations — marcus aurelius""";
"kaget,""seni hidup lebih mirip bergulat daripada menari, karena hidup yang berkelas memerlukan persiapan untuk menghadapi dan menahan serangan yang tiba-tiba dan tak terduga — filsuf stoa.. demikian pesan sang filsuf""";
"jijik,""seperti kata marcus aurelius: jika seseorang dapat menunjukkan kepadaku bahwa apa yang saya pikirkan atau lakukan tidak benar, saya akan dengan senang hati berubah, karena saya mencari kebenaran, yang tidak pernah merugikan siapa pun secara sungguh-sungguh. itu orang yang terus berada dalam penipuan diri dan ketidaktahuan yang merugikan — marcus aurelius, meditations""";
kaget,dapatkah proses penting terjadi tanpa sesuatu yang berubah. demikian pesan sang filsuf — marcus aurelius;
"marah,""dalam meditations, marcus aurelius menulis: setiap kali seseorang melakukan kesalahan terhadapmu, segera pertimbangkan apa pemikiran tentang yang baik atau jahat yang mereka miliki dalam melakukannya. karena ketika kamu melihat itu, kamu akan merasa kasihan, bukan heran atau marah""";
netral,marcus aurelius mengingatkan: karena dalam kekuasaanmu untuk mundur ke dalam dirimu sendiri kapan saja kamu mau. demikian pesan sang filsuf.;
"cape,""dalam meditations, marcus aurelius menulis: terimalah tanpa kesombongan, lepaskan tanpa perjuangan — marcus aurelius""";
"takut,""marcus aurelius berkata: bukan kematian yang seharusnya membuat seorang pria takut, tetapi dia seharusnya takut untuk tidak pernah mulai hidup. pesan marcus aurelius.""";
"kaget,""kata marcus aurelius: seni hidup lebih mirip bergulat daripada menari, karena hidup yang berkelas memerlukan persiapan untuk menghadapi dan menahan serangan yang tiba-tiba dan tak terduga — marcus aurelius, meditations""";
netral,hari-harimu dihitung. pesan marcus aurelius.;
"kaget,""marcus aurelius berkata: marcus aurelius berkata: takut akan perubahan — marcus aurelius, meditations""";
"jijik,""jika seseorang dapat menunjukkan kepadaku bahwa apa yang saya pikirkan atau lakukan tidak benar, saya akan dengan senang hati berubah, karena saya mencari kebenaran, yang tidak pernah merugikan siapa pun secara sungguh-sungguh. itu orang yang terus berada dalam penipuan diri dan ketidaktahuan yang merugikan — filsuf stoa""";
"cape,""dalam meditations, marcus aurelius menulis: lihatlah ke dalam dirimu";" ada sumber kekuatan yang akan selalu muncul jika kamu terus melihat — marcus aurelius"""
"sedih,""seperti kata marcus aurelius: cobalah berdoa dengan cara yang berbeda, dan lihatlah apa yang terjadi: alih-alih meminta 'cara untuk tidur dengannya,' cobalah meminta 'cara untuk berhenti menginginkannya.' alih-alih 'cara untuk menghilangkan dia,' cobalah meminta 'cara untuk tidak merindukan kehancurannya.' alih-alih 'cara untuk tidak kehilangan anakku,' cobalah meminta 'cara untuk kehilangan ketakutan saya akan hal itu.' — marcus aurelius""";
"jijik,""ini adalah tanda kesempurnaan karakter - menghabiskan setiap hari seolah-olah itu hari terakhirmu, tanpa kebingungan, kemalasan, atau pura-pura. demikian pesan sang filsuf.""";
"jijik,""kata marcus aurelius: marcus aurelius berkata: ini adalah tanda kesempurnaan karakter - menghabiskan setiap hari seolah-olah itu hari terakhirmu, tanpa kebingungan, kemalasan, atau pura-pura""";
"kaget,""marcus aurelius berkata: takut akan perubahan — marcus aurelius, meditations""";
"cape,""dalam meditations, marcus aurelius menulis: kamu memiliki kekuasaan atas pikiranmu - bukan atas kejadian di luar. sadarilah ini, dan kamu akan menemukan kekuatan""";
"cape,""[aku belajar] membaca dengan tekun";" tidak puas dengan pengetahuan yang ringan dan dangkal, dan tidak cepat setuju dengan hal-hal yang umum dibicarakan sebuah pelajaran berharga."""
"senang,""kata marcus aurelius: renungkanlah keindahan hidup. lihatlah bintang-bintang, dan bayangkan dirimu berlari bersama mereka. teruslah memikirkan perubahan elemen satu sama lain, karena pemikiran seperti itu membersihkan debu kehidupan duniawi — marcus aurelius, meditations""";
"netral,""marcus aurelius mengingatkan: hari-harimu dihitung. gunakanlah untuk membuka jendela-jendela jiwamu ke matahari. jika tidak, matahari akan segera terbenam, dan kamu bersamanya. demikian pesan sang filsuf.""";
"cape,""kata marcus aurelius: penting bagi anda untuk ingat bahwa perhatian yang anda berikan pada setiap tindakan harus sebanding dengan nilainya, karena itu tidak akan membuatmu lelah dan menyerah, jika kamu tidak sibuk dengan hal-hal yang lebih kecil daripada yang seharusnya diizinkan. demikian pesan sang filsuf.""";
"senang,""renungkanlah keindahan hidup. lihatlah bintang-bintang, dan bayangkan dirimu berlari bersama mereka. teruslah memikirkan perubahan elemen satu sama lain, karena pemikiran seperti itu membersihkan debu kehidupan duniawi""";
"jijik,""marcus aurelius mengingatkan: jika seseorang dapat menunjukkan kepadaku bahwa apa yang saya pikirkan atau lakukan tidak benar, saya akan dengan senang hati berubah, karena saya mencari kebenaran, yang tidak pernah merugikan siapa pun secara sungguh-sungguh""";
"senang,""kata marcus aurelius: lewati masa singkat ini dengan harmoni dengan alam, dan datanglah ke tempat peristirahatan terakhirmu dengan anggun, sama seperti zaitun yang matang bisa jatuh, memuji bumi yang memberinya makanan dan bersyukur kepada pohon yang memberinya pertumbuhan""";
netral,apa yang kita lakukan sekarang akan bergema dalam keabadian — marcus aurelius;
"kaget,""seni hidup lebih mirip bergulat daripada menari, karena hidup yang berkelas memerlukan persiapan untuk menghadapi dan menahan serangan yang tiba-tiba dan tak terduga sebuah pelajaran berharga""";
"senang,""marcus aurelius berkata: semakin seseorang mendekati pikiran yang tenang, semakin dekat dia dengan kekuatan""";
"cape,""seperti kata marcus aurelius: [aku belajar] membaca dengan tekun";" tidak puas dengan pengetahuan yang ringan dan dangkal, dan tidak cepat setuju dengan hal-hal yang umum dibicarakan — marcus aurelius"""
netral,kata marcus aurelius: karena dalam kekuasaanmu untuk mundur ke dalam dirimu sendiri kapan saja kamu mau;
senang,hidup singkat - buah dari hidup ini adalah karakter yang baik dan tindakan untuk kebaikan bersama. itulah nasihat marcus aurelius.;
"marah,""balas dendam terbaik adalah menjadi tidak seperti orang yang melakukan kejahatan sebuah pelajaran berharga. — marcus aurelius, meditations""";
"jijik,""marcus aurelius berkata: kebaikan hati adalah tak terkalahkan, tetapi hanya jika itu tulus, tanpa kepura-puraan atau pemalsuan — marcus aurelius""";
"jijik,""marcus aurelius berkata: jika seseorang dapat menunjukkan kepadaku bahwa apa yang saya pikirkan atau lakukan tidak benar, saya akan dengan senang hati berubah, karena saya mencari kebenaran, yang tidak pernah merugikan siapa pun secara sungguh-sungguh. itu orang yang terus berada dalam penipuan diri dan ketidaktahuan yang merugikan""";
"kaget,""kata marcus aurelius: marcus aurelius berkata: takut akan perubahan — marcus aurelius, meditations""";
"takut,""hiduplah dengan bijak: bukan kematian yang seharusnya membuat seorang pria takut, tetapi dia seharusnya takut untuk tidak pernah mulai hidup — filsuf stoa""";
"cape,""marcus aurelius mengingatkan: terimalah tanpa kesombongan, lepaskan tanpa perjuangan""";
kaget,peringatan marcus aurelius: takut akan perubahan? tetapi apa yang bisa ada tanpa itu? apa yang lebih dekat dengan hati alam? bisakah kamu mandi air panas dan meninggalkan kayu bakar seperti itu? makan makanan tanpa mengubahnya? dapatkah proses penting terjadi tanpa sesuatu yang berubah? tidak bisa kamu lihat? itu sama saja dengan kamu - dan sama pentingnya bagi alam — marcus aurelius;
"cape,""penting bagi anda untuk ingat bahwa perhatian yang anda berikan pada setiap tindakan harus sebanding dengan nilainya, karena itu tidak akan membuatmu lelah dan menyerah, jika kamu tidak sibuk dengan hal-hal yang lebih kecil daripada yang seharusnya diizinkan — filsuf stoa""";
"takut,""marcus aurelius mengingatkan: marcus aurelius berkata: bukan kematian yang seharusnya membuat seorang pria takut, tetapi dia seharusnya takut untuk tidak pernah mulai hidup""";
"sedih,""peringatan marcus aurelius: pikirkanlah hidup yang telah kamu jalani sampai sekarang sebagai berakhir, dan sebagai seorang yang sudah mati, lihatlah apa yang masih tersisa sebagai bonus dan hiduplah sesuai dengan alam. cintailah tangan yang takdir berikan padamu dan mainkanlah seperti milikmu sendiri, karena apakah yang lebih cocok. demikian pesan sang filsuf.""";
"kaget,""seni hidup lebih mirip bergulat daripada menari, karena hidup yang berkelas memerlukan persiapan untuk menghadapi dan menahan serangan yang tiba-tiba dan tak terduga — filsuf stoa""";
netral,makan makanan tanpa mengubahnya — marcus aurelius. demikian pesan sang filsuf.;
senang,renungkan: aturan pertama adalah menjaga semangat yang tenang. kedua adalah menghadapi hal-hal sebagaimana adanya dan mengenalinya untuk apa adanya;
"sedih,""pikirkanlah hidup yang telah kamu jalani sampai sekarang sebagai berakhir, dan sebagai seorang yang sudah mati, lihatlah apa yang masih tersisa sebagai bonus dan hiduplah sesuai dengan alam. demikian pesan sang filsuf.""";
"marah,""setiap kali seseorang melakukan kesalahan terhadapmu, segera pertimbangkan apa pemikiran tentang yang baik atau jahat yang mereka miliki dalam melakukannya. pesan marcus aurelius.""";
"sedih,""marcus aurelius mengingatkan: biarkanlah setiap hal yang akan kamu lakukan, katakan, atau niatkan, seperti milik seorang yang akan mati""";
"jijik,""ini adalah tanda kesempurnaan karakter - menghabiskan setiap hari seolah-olah itu hari terakhirmu, tanpa kebingungan, kemalasan, atau pura-pura sebuah pelajaran berharga""";
"takut,""kata marcus aurelius: renungkan: bukan kematian yang seharusnya membuat seorang pria takut, tetapi dia seharusnya takut untuk tidak pernah mulai hidup""";
"jijik,""marcus aurelius berkata: kata marcus aurelius: ini adalah tanda kesempurnaan karakter - menghabiskan setiap hari seolah-olah itu hari terakhirmu, tanpa kebingungan, kemalasan, atau pura-pura""";
kaget,marcus aurelius mengingatkan: takut akan perubahan? tetapi apa yang bisa ada tanpa itu? apa yang lebih dekat dengan hati alam? bisakah kamu mandi air panas dan meninggalkan kayu bakar seperti itu? makan makanan tanpa mengubahnya? dapatkah proses penting terjadi tanpa sesuatu yang berubah? tidak bisa kamu lihat? itu sama saja dengan kamu - dan sama pentingnya bagi alam;
"senang,""jangan berlebihan dalam impian memiliki apa yang belum kamu miliki, tapi hitunglah berkah utama yang kamu miliki, dan kemudian dengan rasa syukur ingatlah bagaimana kamu akan merindukannya jika itu bukan milikmu. demikian pesan sang filsuf.""";
"sedih,""marcus aurelius berkata: cobalah berdoa dengan cara yang berbeda, dan lihatlah apa yang terjadi: alih-alih meminta 'cara untuk tidur dengannya,' cobalah meminta 'cara untuk berhenti menginginkannya.' alih-alih 'cara untuk menghilangkan dia,' cobalah meminta 'cara untuk tidak merindukan kehancurannya.' alih-alih 'cara untuk tidak kehilangan anakku,' cobalah meminta 'cara untuk kehilangan ketakutan saya akan hal itu.'""";
"sedih,""marcus aurelius berkata: pikirkanlah hidup yang telah kamu jalani sampai sekarang sebagai berakhir, dan sebagai seorang yang sudah mati, lihatlah apa yang masih tersisa sebagai bonus dan hiduplah sesuai dengan alam. cintailah tangan yang takdir berikan padamu dan mainkanlah seperti milikmu sendiri, karena apakah yang lebih cocok — filsuf stoa. — marcus aurelius, meditations""";
"sedih,""pikirkanlah hidup yang telah kamu jalani sampai sekarang sebagai berakhir, dan sebagai seorang yang sudah mati, lihatlah apa yang masih tersisa sebagai bonus dan hiduplah sesuai dengan alam. pesan marcus aurelius. — marcus aurelius, meditations — marcus aurelius""";
"sedih,""marcus aurelius berkata: pikirkanlah hidup yang telah kamu jalani sampai sekarang sebagai berakhir, dan sebagai seorang yang sudah mati, lihatlah apa yang masih tersisa sebagai bonus dan hiduplah sesuai dengan alam""";
"marah,""karena ketika kamu melihat itu, kamu akan merasa kasihan, bukan heran atau marah. pesan marcus aurelius.. demikian pesan sang filsuf.""";
"takut,""kata marcus aurelius: bukan kematian yang seharusnya membuat seorang pria takut, tetapi dia seharusnya takut untuk tidak pernah mulai hidup sebuah pelajaran berharga""";
"senang,""peringatan marcus aurelius: gali dalam dirimu, karena ada sumber kebaikan yang selalu siap mengalir jika kamu terus menggali""";
"jijik,""jika seseorang dapat menunjukkan kepadaku bahwa apa yang saya pikirkan atau lakukan tidak benar, saya akan dengan senang hati berubah, karena saya mencari kebenaran, yang tidak pernah merugikan siapa pun secara sungguh-sungguh. pesan marcus aurelius.. demikian pesan sang filsuf.""";
"marah,""pertahankan daftar di hadapan pikiranmu tentang mereka yang terbakar kemarahan dan kekecewaan terhadap sesuatu, bahkan yang paling terkenal karena kesuksesan, kemalangan, perbuatan jahat, atau prestasi istimewa apa pun — marcus aurelius""";
"takut,""renungkan: kata-kata bijak marcus aurelius: bukan kematian yang seharusnya membuat seorang pria takut, tetapi dia seharusnya takut untuk tidak pernah mulai hidup""";
"marah,""peringatan marcus aurelius: mulailah setiap hari dengan memberi tahu dirimu sendiri: hari ini saya akan bertemu dengan gangguan, ketidakberterimaan, ketidakadilan, kemauan buruk, dan egoisme - semuanya karena ketidaktahuan pelaku tentang apa yang baik atau jahat""";
"senang,""mencintai hanya apa yang terjadi, apa yang sudah ditentukan. tidak ada harmoni yang lebih besar — filsuf stoa. — marcus aurelius, meditations""";
senang,marcus aurelius mengingatkan: yang kamu butuhkan hanyalah ini: keyakinan dalam penilaian saat ini: tindakan untuk kebaikan bersama saat ini; dan sikap bersyukur saat ini untuk apa pun yang datang padamu
senang,jangan buang waktu lagi untuk bertengkar tentang seperti apa seharusnya seorang pria baik. jadilah satu. itulah nasihat marcus aurelius.;
"marah,""setiap kali seseorang melakukan kesalahan terhadapmu, segera pertimbangkan apa pemikiran tentang yang baik atau jahat yang mereka miliki dalam melakukannya. karena ketika kamu melihat itu, kamu akan merasa kasihan, bukan heran atau marah. itulah nasihat marcus aurelius.""";
"sedih,""biarkanlah setiap hal yang akan kamu lakukan, katakan, atau niatkan, seperti milik seorang yang akan mati sebuah pelajaran berharga.""";
"jijik,""seperti kata marcus aurelius: ini adalah tanda kesempurnaan karakter - menghabiskan setiap hari seolah-olah itu hari terakhirmu, tanpa kebingungan, kemalasan, atau pura-pura — marcus aurelius""";
kaget,kata marcus aurelius: takut akan perubahan? tetapi apa yang bisa ada tanpa itu? apa yang lebih dekat dengan hati alam? bisakah kamu mandi air panas dan meninggalkan kayu bakar seperti itu? makan makanan tanpa mengubahnya? dapatkah proses penting terjadi tanpa sesuatu yang berubah? tidak bisa kamu lihat? itu sama saja dengan kamu - dan sama pentingnya bagi alam — marcus aurelius;
"marah,""hiduplah dengan kebenaran dan keadilan, toleran terhadap mereka yang tidak benar atau tidak adil. itulah nasihat marcus aurelius.""";
"cape,""renungkan: kamu memiliki kekuasaan atas pikiranmu - bukan atas kejadian di luar. sadarilah ini, dan kamu akan menemukan kekuatan — marcus aurelius""";
"netral,""dalam meditations, marcus aurelius menulis: setiap organisme hidup mencapai kesempurnaan ketika mengikuti jalur yang benar untuk sifatnya sendiri — marcus aurelius, meditations""";
"cape,""peringatan marcus aurelius: kamu memiliki kekuasaan atas pikiranmu - bukan atas kejadian di luar. sadarilah ini, dan kamu akan menemukan kekuatan — marcus aurelius, meditations — marcus aurelius""";
"sedih,""kata marcus aurelius: biarkanlah setiap hal yang akan kamu lakukan, katakan, atau niatkan, seperti milik seorang yang akan mati — marcus aurelius, meditations""";
"sedih,""kata marcus aurelius: jangan kembali ke filsafat sebagai pembimbing, tapi sebagai pasien mencari bantuan untuk mata yang sakit, atau perban untuk luka bakar, atau dari salep — marcus aurelius""";
netral,alam semesta adalah transformasi; hidup kita adalah apa yang pikiran kita ciptakan sebuah pelajaran berharga.
"cape,""[aku belajar] membaca dengan tekun";" tidak puas dengan pengetahuan yang ringan dan dangkal, dan tidak cepat setuju dengan hal-hal yang umum dibicarakan"""
"jijik,""kebaikan hati adalah tak terkalahkan, tetapi hanya jika itu tulus, tanpa kepura-puraan atau pemalsuan. apa yang dapat dilakukan orang jahat terhadapmu jika kamu terus menunjukkan kebaikan hati dan, jika diberi kesempatan, dengan lembut menunjukkan di mana mereka salah - tepat saat mereka mencoba menyakitimu. demikian pesan sang filsuf.""";
"takut,""marcus aurelius mengingatkan: hiduplah dengan bijak: bukan kematian yang seharusnya membuat seorang pria takut, tetapi dia seharusnya takut untuk tidak pernah mulai hidup""";
"takut,""bukan kematian yang seharusnya membuat seorang pria takut, tetapi dia seharusnya takut untuk tidak pernah mulai hidup sebuah pelajaran berharga — filsuf stoa.""";
"netral,""tidak ada alam yang lebih rendah dari seni, karena seni meniru alam. itulah nasihat marcus aurelius.""";
"marah,""setiap kali seseorang melakukan kesalahan terhadapmu, segera pertimbangkan apa pemikiran tentang yang baik atau jahat yang mereka miliki dalam melakukannya — marcus aurelius""";
netral,kedua adalah menghadapi hal-hal sebagaimana adanya dan mengenalinya untuk apa adanya. pesan marcus aurelius.;
"jijik,""marcus aurelius berkata: kebaikan hati adalah tak terkalahkan, tetapi hanya jika itu tulus, tanpa kepura-puraan atau pemalsuan. apa yang dapat dilakukan orang jahat terhadapmu jika kamu terus menunjukkan kebaikan hati dan, jika diberi kesempatan, dengan lembut menunjukkan di mana mereka salah - tepat saat mereka mencoba menyakitimu — marcus aurelius""";
"marah,""seperti kata marcus aurelius: setiap kali kamu akan menyalahkan seseorang, tanyakan pada dirimu sendiri pertanyaan berikut: kesalahan apakah yang paling mirip dengan apa yang akan saya kritik ini""";
"sedih,""jangan kembali ke filsafat sebagai pembimbing, tapi sebagai pasien mencari bantuan untuk mata yang sakit, atau perban untuk luka bakar, atau dari salep. dengan cara ini, kamu akan mematuhi alasan tanpa menampilkannya dan merasa nyaman dalam perawatannya — filsuf stoa.. demikian pesan sang filsuf.""";
"cape,""dalam meditations, marcus aurelius menulis: penting bagi anda untuk ingat bahwa perhatian yang anda berikan pada setiap tindakan harus sebanding dengan nilainya, karena itu tidak akan membuatmu lelah dan menyerah, jika kamu tidak sibuk dengan hal-hal yang lebih kecil daripada yang seharusnya diizinkan — marcus aurelius""";
"senang,""hiduplah dengan bijak: mencintai hanya apa yang terjadi, apa yang sudah ditentukan. tidak ada harmoni yang lebih besar. demikian pesan sang filsuf.""";
"senang,""jangan buang waktu lagi untuk bertengkar tentang seperti apa seharusnya seorang pria baik. jadilah satu sebuah pelajaran berharga. — marcus aurelius, meditations""";
"sedih,""pikirkanlah hidup yang telah kamu jalani sampai sekarang sebagai berakhir, dan sebagai seorang yang sudah mati, lihatlah apa yang masih tersisa sebagai bonus dan hiduplah sesuai dengan alam. cintailah tangan yang takdir berikan padamu dan mainkanlah seperti milikmu sendiri, karena apakah yang lebih cocok""";
"cape,""hiduplah dengan bijak: penting bagi anda untuk ingat bahwa perhatian yang anda berikan pada setiap tindakan harus sebanding dengan nilainya, karena itu tidak akan membuatmu lelah dan menyerah, jika kamu tidak sibuk dengan hal-hal yang lebih kecil daripada yang seharusnya diizinkan. demikian pesan sang filsuf""";
senang,marcus aurelius mengingatkan: hidup bahagia memerlukan sedikit saja; semuanya ada di dalam dirimu dalam cara berpikirmu
"marah,""setiap kali seseorang melakukan kesalahan terhadapmu, segera pertimbangkan apa pemikiran tentang yang baik atau jahat yang mereka miliki dalam melakukannya. karena ketika kamu melihat itu, kamu akan merasa kasihan, bukan heran atau marah — filsuf stoa.""";
"marah,""peringatan marcus aurelius: seringkali ketidakadilan terletak pada apa yang tidak kamu lakukan, bukan hanya pada apa yang kamu lakukan""";
"jijik,""marcus aurelius berkata: jika seseorang dapat menunjukkan kepadaku bahwa apa yang saya pikirkan atau lakukan tidak benar, saya akan dengan senang hati berubah, karena saya mencari kebenaran, yang tidak pernah merugikan siapa pun secara sungguh-sungguh. pesan marcus aurelius. — marcus aurelius, meditations""";
"cape,""renungkan: kamu memiliki kekuasaan atas pikiranmu - bukan atas kejadian di luar. sadarilah ini, dan kamu akan menemukan kekuatan""";
"sedih,""marcus aurelius berkata: pikirkanlah hidup yang telah kamu jalani sampai sekarang sebagai berakhir, dan sebagai seorang yang sudah mati, lihatlah apa yang masih tersisa sebagai bonus dan hiduplah sesuai dengan alam. cintailah tangan yang takdir berikan padamu dan mainkanlah seperti milikmu sendiri, karena apakah yang lebih cocok — marcus aurelius""";
"takut,""kata marcus aurelius: bukan kematian yang seharusnya membuat seorang pria takut, tetapi dia seharusnya takut untuk tidak pernah mulai hidup. pesan marcus aurelius.""";
"senang,""marcus aurelius berkata: setiap kali kamu bangun di pagi hari, pikirkanlah betapa berharga hak istimewa untuk hidup - bernapas, berpikir, menikmati, mencintai""";
"marah,""dalam meditations, marcus aurelius menulis: balas dendam terbaik adalah menjadi tidak seperti orang yang melakukan kejahatan""";
"jijik,""kebaikan hati adalah tak terkalahkan, tetapi hanya jika itu tulus, tanpa kepura-puraan atau pemalsuan. apa yang dapat dilakukan orang jahat terhadapmu jika kamu terus menunjukkan kebaikan hati dan, jika diberi kesempatan, dengan lembut menunjukkan di mana mereka salah - tepat saat mereka mencoba menyakitimu sebuah pelajaran berharga — marcus aurelius""";
"kaget,""seni hidup lebih mirip bergulat daripada menari, karena hidup yang berkelas memerlukan persiapan untuk menghadapi dan menahan serangan yang tiba-tiba dan tak terduga — filsuf stoa. — marcus aurelius, meditations — marcus aurelius""";
cape,lihatlah ke dalam dirimu; ada sumber kekuatan yang akan selalu muncul jika kamu terus melihat. itulah nasihat marcus aurelius
"cape,""seperti kata marcus aurelius: [aku belajar] membaca dengan tekun";" tidak puas dengan pengetahuan yang ringan dan dangkal, dan tidak cepat setuju dengan hal-hal yang umum dibicarakan"""
"takut,""renungkan: bukan kematian yang seharusnya membuat seorang pria takut, tetapi dia seharusnya takut untuk tidak pernah mulai hidup — marcus aurelius""";
netral,jangan biarkan masa depan mengganggumu — marcus aurelius;
"sedih,""marcus aurelius berkata: jangan kembali ke filsafat sebagai pembimbing, tapi sebagai pasien mencari bantuan untuk mata yang sakit, atau perban untuk luka bakar, atau dari salep""";
"sedih,""dalam meditations, marcus aurelius menulis: cobalah berdoa dengan cara yang berbeda, dan lihatlah apa yang terjadi: alih-alih meminta 'cara untuk tidur dengannya,' cobalah meminta 'cara untuk berhenti menginginkannya.' alih-alih 'cara untuk menghilangkan dia,' cobalah meminta 'cara untuk tidak merindukan kehancurannya.' alih-alih 'cara untuk tidak kehilangan anakku,' cobalah meminta 'cara untuk kehilangan ketakutan saya akan hal itu.'""";
"jijik,""seperti kata marcus aurelius: jika seseorang dapat menunjukkan kepadaku bahwa apa yang saya pikirkan atau lakukan tidak benar, saya akan dengan senang hati berubah, karena saya mencari kebenaran, yang tidak pernah merugikan siapa pun secara sungguh-sungguh. itu orang yang terus berada dalam penipuan diri dan ketidaktahuan yang merugikan — marcus aurelius""";
"senang,""dalam meditations, marcus aurelius menulis: kebahagiaan hidupmu bergantung pada kualitas pikiranmu""";
"senang,""renungkan: bukan tanda kejantanan untuk menjadi marah. sebaliknya, kelembutan dan kesopanan lebih manusiawi, dan oleh karena itu lebih jantan. semakin seseorang mendekati pikiran yang tenang, semakin dekat dia dengan kekuatan""";
"kaget,""marcus aurelius berkata: seni hidup lebih mirip bergulat daripada menari, karena hidup yang berkelas memerlukan persiapan untuk menghadapi dan menahan serangan yang tiba-tiba dan tak terduga — filsuf stoa. — marcus aurelius, meditations""";
"jijik,""kebaikan hati adalah tak terkalahkan, tetapi hanya jika itu tulus, tanpa kepura-puraan atau pemalsuan. apa yang dapat dilakukan orang jahat terhadapmu jika kamu terus menunjukkan kebaikan hati dan, jika diberi kesempatan, dengan lembut menunjukkan di mana mereka salah - tepat saat mereka mencoba menyakitimu""";
"netral,""dalam meditations, marcus aurelius menulis: harga seorang pria tidak lebih besar dari nilai ambisinya. demikian pesan sang filsuf.""";
"takut,""marcus aurelius mengingatkan: bukan kematian yang seharusnya membuat seorang pria takut, tetapi dia seharusnya takut untuk tidak pernah mulai hidup — filsuf stoa.""";
jijik,kata marcus aurelius: itu orang yang terus berada dalam penipuan diri dan ketidaktahuan yang merugikan;
"cape,""terimalah tanpa kesombongan, lepaskan tanpa perjuangan — filsuf stoa. — marcus aurelius, meditations — marcus aurelius""";
"sedih,""biarkanlah setiap hal yang akan kamu lakukan, katakan, atau niatkan, seperti milik seorang yang akan mati — filsuf stoa. — marcus aurelius, meditations""";
"takut,""kata-kata bijak marcus aurelius: marcus aurelius mengingatkan: bukan kematian yang seharusnya membuat seorang pria takut, tetapi dia seharusnya takut untuk tidak pernah mulai hidup. demikian pesan sang filsuf""";
"sedih,""hiduplah dengan bijak: cobalah berdoa dengan cara yang berbeda, dan lihatlah apa yang terjadi: alih-alih meminta 'cara untuk tidur dengannya,' cobalah meminta 'cara untuk berhenti menginginkannya.' alih-alih 'cara untuk menghilangkan dia,' cobalah meminta 'cara untuk tidak merindukan kehancurannya.' alih-alih 'cara untuk tidak kehilangan anakku,' cobalah meminta 'cara untuk kehilangan ketakutan saya akan hal itu.' — marcus aurelius, meditations — marcus aurelius""";
"marah,""kata marcus aurelius: setiap kali kamu akan menyalahkan seseorang, tanyakan pada dirimu sendiri pertanyaan berikut: kesalahan apakah yang paling mirip dengan apa yang akan saya kritik ini. demikian pesan sang filsuf.""";
"takut,""marcus aurelius berkata: bukan kematian yang seharusnya membuat seorang pria takut, tetapi dia seharusnya takut untuk tidak pernah mulai hidup — marcus aurelius, meditations""";
jijik,seperti kata marcus aurelius: itu orang yang terus berada dalam penipuan diri dan ketidaktahuan yang merugikan;
"marah,""pertahankan daftar di hadapan pikiranmu tentang mereka yang terbakar kemarahan dan kekecewaan terhadap sesuatu, bahkan yang paling terkenal karena kesuksesan, kemalangan, perbuatan jahat, atau prestasi istimewa apa pun. pesan marcus aurelius.""";
"sedih,""pikirkanlah hidup yang telah kamu jalani sampai sekarang sebagai berakhir, dan sebagai seorang yang sudah mati, lihatlah apa yang masih tersisa sebagai bonus dan hiduplah sesuai dengan alam. pesan marcus aurelius. — marcus aurelius, meditations""";
"sedih,""marcus aurelius berkata: seperti kata marcus aurelius: cobalah berdoa dengan cara yang berbeda, dan lihatlah apa yang terjadi: alih-alih meminta 'cara untuk tidur dengannya,' cobalah meminta 'cara untuk berhenti menginginkannya.' alih-alih 'cara untuk menghilangkan dia,' cobalah meminta 'cara untuk tidak merindukan kehancurannya.' alih-alih 'cara untuk tidak kehilangan anakku,' cobalah meminta 'cara untuk kehilangan ketakutan saya akan hal itu.'""";
"kaget,""marcus aurelius berkata: kata marcus aurelius: seni hidup lebih mirip bergulat daripada menari, karena hidup yang berkelas memerlukan persiapan untuk menghadapi dan menahan serangan yang tiba-tiba dan tak terduga""";
"senang,""seperti kata marcus aurelius: jawaban terbaik terhadap kemarahan adalah diam — marcus aurelius, meditations""";
"takut,""marcus aurelius mengingatkan: bukan kematian yang seharusnya membuat seorang pria takut, tetapi dia seharusnya takut untuk tidak pernah mulai hidup. demikian pesan sang filsuf. pesan marcus aurelius.""";
"jijik,""kebaikan hati adalah tak terkalahkan, tetapi hanya jika itu tulus, tanpa kepura-puraan atau pemalsuan. apa yang dapat dilakukan orang jahat terhadapmu jika kamu terus menunjukkan kebaikan hati dan, jika diberi kesempatan, dengan lembut menunjukkan di mana mereka salah - tepat saat mereka mencoba menyakitimu. pesan marcus aurelius.""";
"kaget,""marcus aurelius mengingatkan: seni hidup lebih mirip bergulat daripada menari, karena hidup yang berkelas memerlukan persiapan untuk menghadapi dan menahan serangan yang tiba-tiba dan tak terduga. demikian pesan sang filsuf""";
"jijik,""marcus aurelius mengingatkan: kebaikan hati adalah tak terkalahkan, tetapi hanya jika itu tulus, tanpa kepura-puraan atau pemalsuan""";
cape,hiduplah dengan bijak: lihatlah ke dalam dirimu; ada sumber kekuatan yang akan selalu muncul jika kamu terus melihat
cape,peringatan marcus aurelius: lihatlah ke dalam dirimu; ada sumber kekuatan yang akan selalu muncul jika kamu terus melihat
senang,jangan buang waktu lagi untuk bertengkar tentang seperti apa seharusnya seorang pria baik. jadilah satu sebuah pelajaran berharga.. demikian pesan sang filsuf.;
"kaget,""renungkan: seni hidup lebih mirip bergulat daripada menari, karena hidup yang berkelas memerlukan persiapan untuk menghadapi dan menahan serangan yang tiba-tiba dan tak terduga""";
kaget,takut akan perubahan? tetapi apa yang bisa ada tanpa itu? apa yang lebih dekat dengan hati alam? bisakah kamu mandi air panas dan meninggalkan kayu bakar seperti itu? makan makanan tanpa mengubahnya? dapatkah proses penting terjadi tanpa sesuatu yang berubah? tidak bisa kamu lihat? itu sama saja dengan kamu - dan sama pentingnya bagi alam. pesan marcus aurelius.;
"jijik,""marcus aurelius berkata: marcus aurelius berkata: jika seseorang dapat menunjukkan kepadaku bahwa apa yang saya pikirkan atau lakukan tidak benar, saya akan dengan senang hati berubah, karena saya mencari kebenaran, yang tidak pernah merugikan siapa pun secara sungguh-sungguh. itu orang yang terus berada dalam penipuan diri dan ketidaktahuan yang merugikan""";
"cape,""kata marcus aurelius: [aku belajar] membaca dengan tekun";" tidak puas dengan pengetahuan yang ringan dan dangkal, dan tidak cepat setuju dengan hal-hal yang umum dibicarakan"""
cape,marcus aurelius berkata: lihatlah ke dalam dirimu; ada sumber kekuatan yang akan selalu muncul jika kamu terus melihat
"kaget,""seni hidup lebih mirip bergulat daripada menari, karena hidup yang berkelas memerlukan persiapan untuk menghadapi dan menahan serangan yang tiba-tiba dan tak terduga. demikian pesan sang filsuf.""";
"takut,""kata-kata bijak marcus aurelius: marcus aurelius mengingatkan: bukan kematian yang seharusnya membuat seorang pria takut, tetapi dia seharusnya takut untuk tidak pernah mulai hidup — marcus aurelius, meditations""";
"marah,""hiduplah dengan kebenaran dan keadilan, toleran terhadap mereka yang tidak benar atau tidak adil — marcus aurelius""";
"cape,""penting bagi anda untuk ingat bahwa perhatian yang anda berikan pada setiap tindakan harus sebanding dengan nilainya, karena itu tidak akan membuatmu lelah dan menyerah, jika kamu tidak sibuk dengan hal-hal yang lebih kecil daripada yang seharusnya diizinkan — marcus aurelius""";
"jijik,""kebaikan hati adalah tak terkalahkan, tetapi hanya jika itu tulus, tanpa kepura-puraan atau pemalsuan. apa yang dapat dilakukan orang jahat terhadapmu jika kamu terus menunjukkan kebaikan hati dan, jika diberi kesempatan, dengan lembut menunjukkan di mana mereka salah - tepat saat mereka mencoba menyakitimu — marcus aurelius, meditations""";
"kaget,""dalam meditations, marcus aurelius menulis: seni hidup lebih mirip bergulat daripada menari, karena hidup yang berkelas memerlukan persiapan untuk menghadapi dan menahan serangan yang tiba-tiba dan tak terduga — marcus aurelius""";
"marah,""hiduplah dengan bijak: seberapa banyak waktu yang dia dapatkan yang tidak memandang kemarahan dan ketidaksenangan tentang sesuatu, karena itu sama sekali tidak peduli""";
"cape,""peringatan marcus aurelius: terimalah tanpa kesombongan, lepaskan tanpa perjuangan""";
"takut,""marcus aurelius berkata: marcus aurelius mengingatkan: bukan kematian yang seharusnya membuat seorang pria takut, tetapi dia seharusnya takut untuk tidak pernah mulai hidup""";
netral,jangan malu untuk membutuhkan bantuan. kamu memiliki tugas untuk dipenuhi seperti seorang prajurit di tembok pertempuran. jadi apa jika kamu terluka dan tidak bisa naik tanpa bantuan prajurit lain. itulah nasihat marcus aurelius.;
"marah,""seperti kata marcus aurelius: seringkali ketidakadilan terletak pada apa yang tidak kamu lakukan, bukan hanya pada apa yang kamu lakukan""";
"senang,""renungkan: dimanapun seseorang bisa hidup, disana juga seseorang bisa hidup dengan baik""";
"senang,""mencintai hanya apa yang terjadi, apa yang sudah ditentukan. demikian pesan sang filsuf.""";
"takut,""marcus aurelius berkata: kata marcus aurelius: bukan kematian yang seharusnya membuat seorang pria takut, tetapi dia seharusnya takut untuk tidak pernah mulai hidup""";
"marah,""seperti kata marcus aurelius: pertahankan daftar di hadapan pikiranmu tentang mereka yang terbakar kemarahan dan kekecewaan terhadap sesuatu, bahkan yang paling terkenal karena kesuksesan, kemalangan, perbuatan jahat, atau prestasi istimewa apa pun. kemudian tanyakan pada dirimu sendiri, bagaimana hasilnya? asap dan debu, materi dongeng sederhana yang berusaha menjadi legenda""";
"netral,""karena dalam kekuasaanmu untuk mundur ke dalam dirimu sendiri kapan saja kamu mau — marcus aurelius — marcus aurelius, meditations""";
"cape,""lihatlah ke dalam dirimu";" ada sumber kekuatan yang akan selalu muncul jika kamu terus melihat — marcus aurelius, meditations"""
"senang,""jangan berlebihan dalam impian memiliki apa yang belum kamu miliki, tapi hitunglah berkah utama yang kamu miliki, dan kemudian dengan rasa syukur ingatlah bagaimana kamu akan merindukannya jika itu bukan milikmu""";
"marah,""hiduplah dengan bijak: hiduplah dengan kebenaran dan keadilan, toleran terhadap mereka yang tidak benar atau tidak adil — marcus aurelius, meditations""";
"marah,""kata-kata bijak marcus aurelius: seringkali ketidakadilan terletak pada apa yang tidak kamu lakukan, bukan hanya pada apa yang kamu lakukan""";
"kaget,""seni hidup lebih mirip bergulat daripada menari, karena hidup yang berkelas memerlukan persiapan untuk menghadapi dan menahan serangan yang tiba-tiba dan tak terduga sebuah pelajaran berharga.. demikian pesan sang filsuf.""";
jijik,kata marcus aurelius: itu orang yang terus berada dalam penipuan diri dan ketidaktahuan yang merugikan — marcus aurelius;
"senang,""gali dalam dirimu, karena ada sumber kebaikan yang selalu siap mengalir jika kamu terus menggali""";
"kaget,""marcus aurelius berkata: seni hidup lebih mirip bergulat daripada menari, karena hidup yang berkelas memerlukan persiapan untuk menghadapi dan menahan serangan yang tiba-tiba dan tak terduga sebuah pelajaran berharga. — marcus aurelius, meditations""";
senang,kata marcus aurelius: jangan buang waktu lagi untuk bertengkar tentang seperti apa seharusnya seorang pria baik;
"sedih,""cobalah berdoa dengan cara yang berbeda, dan lihatlah apa yang terjadi: alih-alih meminta 'cara untuk tidur dengannya,' cobalah meminta 'cara untuk berhenti menginginkannya.' alih-alih 'cara untuk menghilangkan dia,' cobalah meminta 'cara untuk tidak merindukan kehancurannya.' alih-alih 'cara untuk tidak kehilangan anakku,' cobalah meminta 'cara untuk kehilangan ketakutan saya akan hal itu.'. itulah nasihat marcus aurelius""";
"jijik,""kata marcus aurelius: marcus aurelius berkata: jika seseorang dapat menunjukkan kepadaku bahwa apa yang saya pikirkan atau lakukan tidak benar, saya akan dengan senang hati berubah, karena saya mencari kebenaran, yang tidak pernah merugikan siapa pun secara sungguh-sungguh. itu orang yang terus berada dalam penipuan diri dan ketidaktahuan yang merugikan""";
"senang,""yang tidak baik untuk sarang, tidak baik untuk lebah. demikian pesan sang filsuf.""";
marah,kata-kata bijak marcus aurelius: berapa banyak lebih berat akibat kemarahan dibandingkan penyebabnya;
"takut,""seperti kata marcus aurelius: bukan kematian yang seharusnya membuat seorang pria takut, tetapi dia seharusnya takut untuk tidak pernah mulai hidup. itulah nasihat marcus aurelius.""";
kaget,marcus aurelius berkata: renungkan: takut akan perubahan? tetapi apa yang bisa ada tanpa itu? apa yang lebih dekat dengan hati alam? bisakah kamu mandi air panas dan meninggalkan kayu bakar seperti itu? makan makanan tanpa mengubahnya? dapatkah proses penting terjadi tanpa sesuatu yang berubah? tidak bisa kamu lihat? itu sama saja dengan kamu - dan sama pentingnya bagi alam;
"marah,""seperti kata marcus aurelius: setiap kali seseorang melakukan kesalahan terhadapmu, segera pertimbangkan apa pemikiran tentang yang baik atau jahat yang mereka miliki dalam melakukannya. karena ketika kamu melihat itu, kamu akan merasa kasihan, bukan heran atau marah""";
"sedih,""kata marcus aurelius: biarkanlah setiap hal yang akan kamu lakukan, katakan, atau niatkan, seperti milik seorang yang akan mati. demikian pesan sang filsuf — marcus aurelius""";
"jijik,""marcus aurelius berkata: seperti kata marcus aurelius: kebaikan hati adalah tak terkalahkan, tetapi hanya jika itu tulus, tanpa kepura-puraan atau pemalsuan. apa yang dapat dilakukan orang jahat terhadapmu jika kamu terus menunjukkan kebaikan hati dan, jika diberi kesempatan, dengan lembut menunjukkan di mana mereka salah - tepat saat mereka mencoba menyakitimu""";
"takut,""bukan kematian yang seharusnya membuat seorang pria takut, tetapi dia seharusnya takut untuk tidak pernah mulai hidup. demikian pesan sang filsuf — marcus aurelius""";
"jijik,""peringatan marcus aurelius: ini adalah tanda kesempurnaan karakter - menghabiskan setiap hari seolah-olah itu hari terakhirmu, tanpa kebingungan, kemalasan, atau pura-pura""";
senang,hidup bahagia memerlukan sedikit saja; semuanya ada di dalam dirimu dalam cara berpikirmu
"kaget,""seni hidup lebih mirip bergulat daripada menari, karena hidup yang berkelas memerlukan persiapan untuk menghadapi dan menahan serangan yang tiba-tiba dan tak terduga — filsuf stoa.""";
cape,hiduplah dengan bijak: lihatlah ke dalam dirimu; ada sumber kekuatan yang akan selalu muncul jika kamu terus melihat — marcus aurelius
"kaget,""peringatan marcus aurelius: seni hidup lebih mirip bergulat daripada menari, karena hidup yang berkelas memerlukan persiapan untuk menghadapi dan menahan serangan yang tiba-tiba dan tak terduga — marcus aurelius, meditations — marcus aurelius""";
"jijik,""peringatan marcus aurelius: kebaikan hati adalah tak terkalahkan, tetapi hanya jika itu tulus, tanpa kepura-puraan atau pemalsuan. apa yang dapat dilakukan orang jahat terhadapmu jika kamu terus menunjukkan kebaikan hati dan, jika diberi kesempatan, dengan lembut menunjukkan di mana mereka salah - tepat saat mereka mencoba menyakitimu""";
"senang,""hiduplah dengan bijak: jangan bertindak seolah-olah kamu akan hidup sepuluh ribu tahun. kematian menggantung di atasmu. selama kamu hidup, selama itu dalam kekuasaanmu, berbuatlah baik""";
"senang,""lewati masa singkat ini dengan harmoni dengan alam, dan datanglah ke tempat peristirahatan terakhirmu dengan anggun, sama seperti zaitun yang matang bisa jatuh, memuji bumi yang memberinya makanan dan bersyukur kepada pohon yang memberinya pertumbuhan. pesan marcus aurelius.""";
"sedih,""hiduplah dengan bijak: cobalah berdoa dengan cara yang berbeda, dan lihatlah apa yang terjadi: alih-alih meminta 'cara untuk tidur dengannya,' cobalah meminta 'cara untuk berhenti menginginkannya.' alih-alih 'cara untuk menghilangkan dia,' cobalah meminta 'cara untuk tidak merindukan kehancurannya.' alih-alih 'cara untuk tidak kehilangan anakku,' cobalah meminta 'cara untuk kehilangan ketakutan saya akan hal itu.' — marcus aurelius""";
"kaget,""kata marcus aurelius: seni hidup lebih mirip bergulat daripada menari, karena hidup yang berkelas memerlukan persiapan untuk menghadapi dan menahan serangan yang tiba-tiba dan tak terduga sebuah pelajaran berharga. — marcus aurelius, meditations""";
"senang,""marcus aurelius berkata: teruslah memikirkan perubahan elemen satu sama lain, karena pemikiran seperti itu membersihkan debu kehidupan duniawi""";
"cape,""marcus aurelius berkata: kamu memiliki kekuasaan atas pikiranmu - bukan atas kejadian di luar. sadarilah ini, dan kamu akan menemukan kekuatan — marcus aurelius""";
"netral,""tidak ada tindakan sembarangan, tidak ada yang tidak didasarkan pada prinsip-prinsip mendasar. pesan marcus aurelius.""";
"cape,""peringatan marcus aurelius: kamu memiliki kekuasaan atas pikiranmu - bukan atas kejadian di luar. sadarilah ini, dan kamu akan menemukan kekuatan — marcus aurelius, meditations""";
"netral,""bukan kah takut, curiga, keinginan, atau sesuatu seperti itu""";
"netral,""dalam meditations, marcus aurelius menulis: hari-harimu dihitung. gunakanlah untuk membuka jendela-jendela jiwamu ke matahari. jika tidak, matahari akan segera terbenam, dan kamu bersamanya — marcus aurelius, meditations""";
"sedih,""kata marcus aurelius: biarkanlah setiap hal yang akan kamu lakukan, katakan, atau niatkan, seperti milik seorang yang akan mati. demikian pesan sang filsuf""";
"marah,""dalam meditations, marcus aurelius menulis: pertahankan daftar di hadapan pikiranmu tentang mereka yang terbakar kemarahan dan kekecewaan terhadap sesuatu, bahkan yang paling terkenal karena kesuksesan, kemalangan, perbuatan jahat, atau prestasi istimewa apa pun. kemudian tanyakan pada dirimu sendiri, bagaimana hasilnya? asap dan debu, materi dongeng sederhana yang berusaha menjadi legenda""";
"marah,""renungkan: seringkali ketidakadilan terletak pada apa yang tidak kamu lakukan, bukan hanya pada apa yang kamu lakukan""";
"netral,""sebaliknya, kelembutan dan kesopanan lebih manusiawi, dan oleh karena itu lebih jantan — marcus aurelius""";
"kaget,""seni hidup lebih mirip bergulat daripada menari, karena hidup yang berkelas memerlukan persiapan untuk menghadapi dan menahan serangan yang tiba-tiba dan tak terduga — filsuf stoa — marcus aurelius""";
"marah,""pertahankan daftar di hadapan pikiranmu tentang mereka yang terbakar kemarahan dan kekecewaan terhadap sesuatu, bahkan yang paling terkenal karena kesuksesan, kemalangan, perbuatan jahat, atau prestasi istimewa apa pun. kemudian tanyakan pada dirimu sendiri, bagaimana hasilnya? asap dan debu, materi dongeng sederhana yang berusaha menjadi legenda""";
"jijik,""kata-kata bijak marcus aurelius: ini adalah tanda kesempurnaan karakter - menghabiskan setiap hari seolah-olah itu hari terakhirmu, tanpa kebingungan, kemalasan, atau pura-pura""";
"sedih,""pikirkanlah hidup yang telah kamu jalani sampai sekarang sebagai berakhir, dan sebagai seorang yang sudah mati, lihatlah apa yang masih tersisa sebagai bonus dan hiduplah sesuai dengan alam. cintailah tangan yang takdir berikan padamu dan mainkanlah seperti milikmu sendiri, karena apakah yang lebih cocok. itulah nasihat marcus aurelius — marcus aurelius""";
"jijik,""renungkan: ini adalah tanda kesempurnaan karakter - menghabiskan setiap hari seolah-olah itu hari terakhirmu, tanpa kebingungan, kemalasan, atau pura-pura — marcus aurelius""";
"senang,""seperti kata marcus aurelius: lewati masa singkat ini dengan harmoni dengan alam, dan datanglah ke tempat peristirahatan terakhirmu dengan anggun, sama seperti zaitun yang matang bisa jatuh, memuji bumi yang memberinya makanan dan bersyukur kepada pohon yang memberinya pertumbuhan""";
"netral,""tujuan hidup bukanlah menjadi pihak mayoritas, tapi melarikan diri dari diri sendiri dalam deretan orang gila. itulah nasihat marcus aurelius.""";
"senang,""peringatan marcus aurelius: apa pun yang dilakukan atau dikatakan seseorang, bagi saya, saya terikat pada kebaikan. sama seperti zamrud atau emas atau ungu mungkin selalu mengumumkan: 'apa pun yang dilakukan atau dikatakan seseorang, saya harus menjadi diri saya sendiri dan menunjukkan warna sejatiku.'""";
"sedih,""hiduplah dengan bijak: pikirkanlah hidup yang telah kamu jalani sampai sekarang sebagai berakhir, dan sebagai seorang yang sudah mati, lihatlah apa yang masih tersisa sebagai bonus dan hiduplah sesuai dengan alam. cintailah tangan yang takdir berikan padamu dan mainkanlah seperti milikmu sendiri, karena apakah yang lebih cocok""";
"senang,""marcus aurelius mengingatkan: setiap kali kamu bangun di pagi hari, pikirkanlah betapa berharga hak istimewa untuk hidup - bernapas, berpikir, menikmati, mencintai""";
kaget,takut akan perubahan? tetapi apa yang bisa ada tanpa itu? apa yang lebih dekat dengan hati alam? bisakah kamu mandi air panas dan meninggalkan kayu bakar seperti itu? makan makanan tanpa mengubahnya? dapatkah proses penting terjadi tanpa sesuatu yang berubah? tidak bisa kamu lihat? itu sama saja dengan kamu - dan sama pentingnya bagi alam — marcus aurelius. pesan marcus aurelius.;
"kaget,""dapatkah proses penting terjadi tanpa sesuatu yang berubah — marcus aurelius, meditations — marcus aurelius""";
"senang,""marcus aurelius mengingatkan: mencintai hanya apa yang terjadi, apa yang sudah ditentukan. tidak ada harmoni yang lebih besar""";
"takut,""bukan kematian yang seharusnya membuat seorang pria takut, tetapi dia seharusnya takut untuk tidak pernah mulai hidup. itulah nasihat marcus aurelius — filsuf stoa.""";
"sedih,""marcus aurelius berkata: hiduplah dengan bijak: biarkanlah setiap hal yang akan kamu lakukan, katakan, atau niatkan, seperti milik seorang yang akan mati""";
"netral,""pikiran yang terbebas dari gairah adalah benteng yang tidak dapat ditembus - seseorang tidak memiliki tempat perlindungan yang lebih aman selamanya. itulah nasihat marcus aurelius. — marcus aurelius, meditations""";
"marah,""renungkan: mulailah setiap hari dengan memberi tahu dirimu sendiri: hari ini saya akan bertemu dengan gangguan, ketidakberterimaan, ketidakadilan, kemauan buruk, dan egoisme - semuanya karena ketidaktahuan pelaku tentang apa yang baik atau jahat""";
"kaget,""kata marcus aurelius: dalam meditations, marcus aurelius menulis: takut akan perubahan? tetapi apa yang bisa ada tanpa itu? apa yang lebih dekat dengan hati alam? bisakah kamu mandi air panas dan meninggalkan kayu bakar seperti itu? makan makanan tanpa mengubahnya? dapatkah proses penting terjadi tanpa sesuatu yang berubah? tidak bisa kamu lihat? itu sama saja dengan kamu - dan sama pentingnya bagi alam""";
"jijik,""kata marcus aurelius: ini adalah tanda kesempurnaan karakter - menghabiskan setiap hari seolah-olah itu hari terakhirmu, tanpa kebingungan, kemalasan, atau pura-pura. demikian pesan sang filsuf""";
"jijik,""ini adalah tanda kesempurnaan karakter - menghabiskan setiap hari seolah-olah itu hari terakhirmu, tanpa kebingungan, kemalasan, atau pura-pura — marcus aurelius — marcus aurelius""";
"netral,""jika itu tidak benar, jangan lakukan";" jika itu tidak benar, jangan katakan — filsuf stoa.. demikian pesan sang filsuf."""
"marah,""kata marcus aurelius: setiap kali kamu akan menyalahkan seseorang, tanyakan pada dirimu sendiri pertanyaan berikut: kesalahan apakah yang paling mirip dengan apa yang akan saya kritik ini — marcus aurelius, meditations""";
kaget,kata marcus aurelius: marcus aurelius berkata: dapatkah proses penting terjadi tanpa sesuatu yang berubah;
"takut,""kata marcus aurelius: dalam meditations, marcus aurelius menulis: bukan kematian yang seharusnya membuat seorang pria takut, tetapi dia seharusnya takut untuk tidak pernah mulai hidup""";
"takut,""marcus aurelius mengingatkan: bukan kematian yang seharusnya membuat seorang pria takut, tetapi dia seharusnya takut untuk tidak pernah mulai hidup""";
"sedih,""jangan kembali ke filsafat sebagai pembimbing, tapi sebagai pasien mencari bantuan untuk mata yang sakit, atau perban untuk luka bakar, atau dari salep. dengan cara ini, kamu akan mematuhi alasan tanpa menampilkannya dan merasa nyaman dalam perawatannya. itulah nasihat marcus aurelius.""";
"jijik,""hiduplah dengan bijak: ini adalah tanda kesempurnaan karakter - menghabiskan setiap hari seolah-olah itu hari terakhirmu, tanpa kebingungan, kemalasan, atau pura-pura""";
"takut,""marcus aurelius berkata: dalam meditations, marcus aurelius menulis: bukan kematian yang seharusnya membuat seorang pria takut, tetapi dia seharusnya takut untuk tidak pernah mulai hidup""";
netral,pikiran yang terbebas dari gairah adalah benteng yang tidak dapat ditembus - seseorang tidak memiliki tempat perlindungan yang lebih aman selamanya sebuah pelajaran berharga.;
"marah,""kata-kata bijak marcus aurelius: hiduplah dengan kebenaran dan keadilan, toleran terhadap mereka yang tidak benar atau tidak adil — marcus aurelius, meditations""";
"jijik,""ini adalah tanda kesempurnaan karakter - menghabiskan setiap hari seolah-olah itu hari terakhirmu, tanpa kebingungan, kemalasan, atau pura-pura""";
marah,berapa banyak lebih berat akibat kemarahan dibandingkan penyebabnya. pesan marcus aurelius.;
"senang,""selama kamu hidup, selama itu dalam kekuasaanmu, berbuatlah baik""";
"takut,""marcus aurelius berkata: bukan kematian yang seharusnya membuat seorang pria takut, tetapi dia seharusnya takut untuk tidak pernah mulai hidup — marcus aurelius""";
"jijik,""marcus aurelius berkata: marcus aurelius mengingatkan: kebaikan hati adalah tak terkalahkan, tetapi hanya jika itu tulus, tanpa kepura-puraan atau pemalsuan. apa yang dapat dilakukan orang jahat terhadapmu jika kamu terus menunjukkan kebaikan hati dan, jika diberi kesempatan, dengan lembut menunjukkan di mana mereka salah - tepat saat mereka mencoba menyakitimu""";
"senang,""jangan berlebihan dalam impian memiliki apa yang belum kamu miliki, tapi hitunglah berkah utama yang kamu miliki, dan kemudian dengan rasa syukur ingatlah bagaimana kamu akan merindukannya jika itu bukan milikmu. pesan marcus aurelius.""";
"jijik,""hiduplah dengan bijak: jika seseorang dapat menunjukkan kepadaku bahwa apa yang saya pikirkan atau lakukan tidak benar, saya akan dengan senang hati berubah, karena saya mencari kebenaran, yang tidak pernah merugikan siapa pun secara sungguh-sungguh. itu orang yang terus berada dalam penipuan diri dan ketidaktahuan yang merugikan""";
"sedih,""kata marcus aurelius: cobalah berdoa dengan cara yang berbeda, dan lihatlah apa yang terjadi: alih-alih meminta 'cara untuk tidur dengannya,' cobalah meminta 'cara untuk berhenti menginginkannya.' alih-alih 'cara untuk menghilangkan dia,' cobalah meminta 'cara untuk tidak merindukan kehancurannya.' alih-alih 'cara untuk tidak kehilangan anakku,' cobalah meminta 'cara untuk kehilangan ketakutan saya akan hal itu.'""";
netral,marcus aurelius berkata: gunakanlah untuk membuka jendela-jendela jiwamu ke matahari;
"takut,""bukan kematian yang seharusnya membuat seorang pria takut, tetapi dia seharusnya takut untuk tidak pernah mulai hidup. pesan marcus aurelius — marcus aurelius""";
cape,seperti kata marcus aurelius: lihatlah ke dalam dirimu; ada sumber kekuatan yang akan selalu muncul jika kamu terus melihat. demikian pesan sang filsuf.
"jijik,""ini adalah tanda kesempurnaan karakter - menghabiskan setiap hari seolah-olah itu hari terakhirmu, tanpa kebingungan, kemalasan, atau pura-pura sebuah pelajaran berharga — marcus aurelius""";
"senang,""jangan berlebihan dalam impian memiliki apa yang belum kamu miliki, tapi hitunglah berkah utama yang kamu miliki, dan kemudian dengan rasa syukur ingatlah bagaimana kamu akan merindukannya jika itu bukan milikmu — marcus aurelius, meditations""";
"sedih,""marcus aurelius berkata: cobalah berdoa dengan cara yang berbeda, dan lihatlah apa yang terjadi: alih-alih meminta 'cara untuk tidur dengannya,' cobalah meminta 'cara untuk berhenti menginginkannya.' alih-alih 'cara untuk menghilangkan dia,' cobalah meminta 'cara untuk tidak merindukan kehancurannya.' alih-alih 'cara untuk tidak kehilangan anakku,' cobalah meminta 'cara untuk kehilangan ketakutan saya akan hal itu.' — marcus aurelius""";
netral,jangan bertindak seolah-olah kamu akan hidup sepuluh ribu tahun. pesan marcus aurelius.;
"takut,""marcus aurelius mengingatkan: bukan kematian yang seharusnya membuat seorang pria takut, tetapi dia seharusnya takut untuk tidak pernah mulai hidup — filsuf stoa""";
"takut,""hiduplah dengan bijak: marcus aurelius mengingatkan: bukan kematian yang seharusnya membuat seorang pria takut, tetapi dia seharusnya takut untuk tidak pernah mulai hidup""";
netral,kata marcus aurelius: segalanya lainnya entah sudah berlalu atau belum diketahui;
"senang,""lewati masa singkat ini dengan harmoni dengan alam, dan datanglah ke tempat peristirahatan terakhirmu dengan anggun, sama seperti zaitun yang matang bisa jatuh, memuji bumi yang memberinya makanan dan bersyukur kepada pohon yang memberinya pertumbuhan — marcus aurelius""";
kaget,takut akan perubahan? tetapi apa yang bisa ada tanpa itu? apa yang lebih dekat dengan hati alam? bisakah kamu mandi air panas dan meninggalkan kayu bakar seperti itu? makan makanan tanpa mengubahnya? dapatkah proses penting terjadi tanpa sesuatu yang berubah? tidak bisa kamu lihat? itu sama saja dengan kamu - dan sama pentingnya bagi alam sebuah pelajaran berharga.;
"takut,""seperti kata marcus aurelius: kata-kata bijak marcus aurelius: bukan kematian yang seharusnya membuat seorang pria takut, tetapi dia seharusnya takut untuk tidak pernah mulai hidup""";
jijik,itu orang yang terus berada dalam penipuan diri dan ketidaktahuan yang merugikan. pesan marcus aurelius;
kaget,takut akan perubahan? tetapi apa yang bisa ada tanpa itu? apa yang lebih dekat dengan hati alam? bisakah kamu mandi air panas dan meninggalkan kayu bakar seperti itu? makan makanan tanpa mengubahnya? dapatkah proses penting terjadi tanpa sesuatu yang berubah? tidak bisa kamu lihat? itu sama saja dengan kamu - dan sama pentingnya bagi alam sebuah pelajaran berharga;
"senang,""hiduplah dengan bijak: mulailah setiap hari dengan memberi tahu dirimu sendiri: hari ini saya akan bertemu dengan gangguan, ketidakberterimaan, ketidakadilan, kemauan buruk, dan egoisme - semuanya karena ketidaktahuan pelaku tentang apa yang baik atau jahat""";
"senang,""jangan berlebihan dalam impian memiliki apa yang belum kamu miliki, tapi hitunglah berkah utama yang kamu miliki, dan kemudian dengan rasa syukur ingatlah bagaimana kamu akan merindukannya jika itu bukan milikmu — marcus aurelius""";
"sedih,""marcus aurelius berkata: jangan kembali ke filsafat sebagai pembimbing, tapi sebagai pasien mencari bantuan untuk mata yang sakit, atau perban untuk luka bakar, atau dari salep. dengan cara ini, kamu akan mematuhi alasan tanpa menampilkannya dan merasa nyaman dalam perawatannya — marcus aurelius""";
"jijik,""seperti kata marcus aurelius: ini adalah tanda kesempurnaan karakter - menghabiskan setiap hari seolah-olah itu hari terakhirmu, tanpa kebingungan, kemalasan, atau pura-pura""";
"sedih,""pikirkanlah hidup yang telah kamu jalani sampai sekarang sebagai berakhir, dan sebagai seorang yang sudah mati, lihatlah apa yang masih tersisa sebagai bonus dan hiduplah sesuai dengan alam. cintailah tangan yang takdir berikan padamu dan mainkanlah seperti milikmu sendiri, karena apakah yang lebih cocok — filsuf stoa. — marcus aurelius, meditations — marcus aurelius""";
"cape,""marcus aurelius berkata: sadarilah ini, dan kamu akan menemukan kekuatan — marcus aurelius""";
"takut,""bukan kematian yang seharusnya membuat seorang pria takut, tetapi dia seharusnya takut untuk tidak pernah mulai hidup — marcus aurelius — marcus aurelius, meditations""";
"senang,""dalam meditations, marcus aurelius menulis: jangan berlebihan dalam impian memiliki apa yang belum kamu miliki, tapi hitunglah berkah utama yang kamu miliki, dan kemudian dengan rasa syukur ingatlah bagaimana kamu akan merindukannya jika itu bukan milikmu. demikian pesan sang filsuf.""";
"cape,""penting bagi anda untuk ingat bahwa perhatian yang anda berikan pada setiap tindakan harus sebanding dengan nilainya, karena itu tidak akan membuatmu lelah dan menyerah, jika kamu tidak sibuk dengan hal-hal yang lebih kecil daripada yang seharusnya diizinkan""";
"takut,""marcus aurelius mengingatkan: bukan kematian yang seharusnya membuat seorang pria takut, tetapi dia seharusnya takut untuk tidak pernah mulai hidup. pesan marcus aurelius""";
"kaget,""marcus aurelius mengingatkan: seni hidup lebih mirip bergulat daripada menari, karena hidup yang berkelas memerlukan persiapan untuk menghadapi dan menahan serangan yang tiba-tiba dan tak terduga. demikian pesan sang filsuf.""";
"senang,""renungkanlah keindahan hidup. lihatlah bintang-bintang, dan bayangkan dirimu berlari bersama mereka. teruslah memikirkan perubahan elemen satu sama lain, karena pemikiran seperti itu membersihkan debu kehidupan duniawi. pesan marcus aurelius.. demikian pesan sang filsuf.""";
"cape,""peringatan marcus aurelius: kamu memiliki kekuasaan atas pikiranmu - bukan atas kejadian di luar. sadarilah ini, dan kamu akan menemukan kekuatan — marcus aurelius""";
senang,jawaban terbaik terhadap kemarahan adalah diam — marcus aurelius;
"sedih,""jangan kembali ke filsafat sebagai pembimbing, tapi sebagai pasien mencari bantuan untuk mata yang sakit, atau perban untuk luka bakar, atau dari salep. dengan cara ini, kamu akan mematuhi alasan tanpa menampilkannya dan merasa nyaman dalam perawatannya — filsuf stoa""";
"senang,""kata-kata bijak marcus aurelius: mulailah setiap hari dengan memberi tahu dirimu sendiri: hari ini saya akan bertemu dengan gangguan, ketidakberterimaan, ketidakadilan, kemauan buruk, dan egoisme - semuanya karena ketidaktahuan pelaku tentang apa yang baik atau jahat""";
kaget,marcus aurelius berkata: marcus aurelius mengingatkan: takut akan perubahan? tetapi apa yang bisa ada tanpa itu? apa yang lebih dekat dengan hati alam? bisakah kamu mandi air panas dan meninggalkan kayu bakar seperti itu? makan makanan tanpa mengubahnya? dapatkah proses penting terjadi tanpa sesuatu yang berubah? tidak bisa kamu lihat? itu sama saja dengan kamu - dan sama pentingnya bagi alam;
"senang,""kata marcus aurelius: selama kamu hidup, selama itu dalam kekuasaanmu, berbuatlah baik — marcus aurelius, meditations""";
"netral,""kata-kata bijak marcus aurelius: aku belajar membaca dengan teliti dan tidak puas dengan pemahaman kasar tentang keseluruhan, dan tidak segera setuju dengan mereka yang banyak bicara tentang sesuatu""";
"netral,""seperti kata marcus aurelius: biarkanlah orang melihat, biarkan mereka tahu, seorang pria sejati, yang hidup seperti yang seharusnya dia jalani""";
jijik,marcus aurelius berkata: itu orang yang terus berada dalam penipuan diri dan ketidaktahuan yang merugikan — marcus aurelius;
"takut,""kata-kata bijak marcus aurelius: seperti kata marcus aurelius: bukan kematian yang seharusnya membuat seorang pria takut, tetapi dia seharusnya takut untuk tidak pernah mulai hidup""";
"kaget,""marcus aurelius berkata: seni hidup lebih mirip bergulat daripada menari, karena hidup yang berkelas memerlukan persiapan untuk menghadapi dan menahan serangan yang tiba-tiba dan tak terduga. itulah nasihat marcus aurelius""";
"marah,""dalam meditations, marcus aurelius menulis: setiap kali kamu akan menyalahkan seseorang, tanyakan pada dirimu sendiri pertanyaan berikut: kesalahan apakah yang paling mirip dengan apa yang akan saya kritik ini — marcus aurelius, meditations""";
"marah,""dalam meditations, marcus aurelius menulis: seberapa banyak waktu yang dia dapatkan yang tidak memandang kemarahan dan ketidaksenangan tentang sesuatu, karena itu sama sekali tidak peduli""";
"sedih,""marcus aurelius berkata: renungkan: cobalah berdoa dengan cara yang berbeda, dan lihatlah apa yang terjadi: alih-alih meminta 'cara untuk tidur dengannya,' cobalah meminta 'cara untuk berhenti menginginkannya.' alih-alih 'cara untuk menghilangkan dia,' cobalah meminta 'cara untuk tidak merindukan kehancurannya.' alih-alih 'cara untuk tidak kehilangan anakku,' cobalah meminta 'cara untuk kehilangan ketakutan saya akan hal itu.'""";
kaget,dapatkah proses penting terjadi tanpa sesuatu yang berubah — marcus aurelius — marcus aurelius;
"kaget,""seni hidup lebih mirip bergulat daripada menari, karena hidup yang berkelas memerlukan persiapan untuk menghadapi dan menahan serangan yang tiba-tiba dan tak terduga — marcus aurelius""";
"takut,""hiduplah dengan bijak: seperti kata marcus aurelius: bukan kematian yang seharusnya membuat seorang pria takut, tetapi dia seharusnya takut untuk tidak pernah mulai hidup""";
"sedih,""biarkanlah setiap hal yang akan kamu lakukan, katakan, atau niatkan, seperti milik seorang yang akan mati. itulah nasihat marcus aurelius.""";
senang,hiduplah dengan bijak: jangan buang waktu lagi untuk bertengkar tentang seperti apa seharusnya seorang pria baik. jadilah satu;
"marah,""peringatan marcus aurelius: kamu tidak boleh memberi keadaan kekuasaan untuk membangkitkan kemarahan, karena mereka sama sekali tidak peduli""";
"takut,""bukan kematian yang seharusnya membuat seorang pria takut, tetapi dia seharusnya takut untuk tidak pernah mulai hidup — marcus aurelius, meditations. pesan marcus aurelius.""";
"netral,""peringatan marcus aurelius: tujuan hidup bukanlah menjadi pihak mayoritas, tapi melarikan diri dari diri sendiri dalam deretan orang gila""";
netral,pikiran yang terbebas dari gairah adalah benteng yang tidak dapat ditembus - seseorang tidak memiliki tempat perlindungan yang lebih aman selamanya. itulah nasihat marcus aurelius.. demikian pesan sang filsuf.;
"marah,""pertahankan daftar di hadapan pikiranmu tentang mereka yang terbakar kemarahan dan kekecewaan terhadap sesuatu, bahkan yang paling terkenal karena kesuksesan, kemalangan, perbuatan jahat, atau prestasi istimewa apa pun. kemudian tanyakan pada dirimu sendiri, bagaimana hasilnya? asap dan debu, materi dongeng sederhana yang berusaha menjadi legenda. pesan marcus aurelius.""";
"sedih,""kata-kata bijak marcus aurelius: jangan kembali ke filsafat sebagai pembimbing, tapi sebagai pasien mencari bantuan untuk mata yang sakit, atau perban untuk luka bakar, atau dari salep. dengan cara ini, kamu akan mematuhi alasan tanpa menampilkannya dan merasa nyaman dalam perawatannya — marcus aurelius""";
"senang,""berikut adalah aturan untuk diingat di masa depan, ketika sesuatu merayu kamu untuk merasa pahit: bukan 'ini adalah kemalangan,' tetapi 'menanggung ini dengan baik adalah keberuntungan baik.'. pesan marcus aurelius. — marcus aurelius, meditations""";
"sedih,""pikirkanlah hidup yang telah kamu jalani sampai sekarang sebagai berakhir, dan sebagai seorang yang sudah mati, lihatlah apa yang masih tersisa sebagai bonus dan hiduplah sesuai dengan alam. cintailah tangan yang takdir berikan padamu dan mainkanlah seperti milikmu sendiri, karena apakah yang lebih cocok — filsuf stoa — marcus aurelius""";
"takut,""seperti kata marcus aurelius: marcus aurelius mengingatkan: bukan kematian yang seharusnya membuat seorang pria takut, tetapi dia seharusnya takut untuk tidak pernah mulai hidup. demikian pesan sang filsuf""";
"jijik,""marcus aurelius berkata: marcus aurelius berkata: jika seseorang dapat menunjukkan kepadaku bahwa apa yang saya pikirkan atau lakukan tidak benar, saya akan dengan senang hati berubah, karena saya mencari kebenaran, yang tidak pernah merugikan siapa pun secara sungguh-sungguh""";
"jijik,""kata marcus aurelius: jika seseorang dapat menunjukkan kepadaku bahwa apa yang saya pikirkan atau lakukan tidak benar, saya akan dengan senang hati berubah, karena saya mencari kebenaran, yang tidak pernah merugikan siapa pun secara sungguh-sungguh""";
"jijik,""kebaikan hati adalah tak terkalahkan, tetapi hanya jika itu tulus, tanpa kepura-puraan atau pemalsuan. apa yang dapat dilakukan orang jahat terhadapmu jika kamu terus menunjukkan kebaikan hati dan, jika diberi kesempatan, dengan lembut menunjukkan di mana mereka salah - tepat saat mereka mencoba menyakitimu. itulah nasihat marcus aurelius.. demikian pesan sang filsuf""";
"sedih,""dalam meditations, marcus aurelius menulis: cobalah berdoa dengan cara yang berbeda, dan lihatlah apa yang terjadi: alih-alih meminta 'cara untuk tidur dengannya,' cobalah meminta 'cara untuk berhenti menginginkannya.' alih-alih 'cara untuk menghilangkan dia,' cobalah meminta 'cara untuk tidak merindukan kehancurannya.' alih-alih 'cara untuk tidak kehilangan anakku,' cobalah meminta 'cara untuk kehilangan ketakutan saya akan hal itu.' — marcus aurelius""";
"kaget,""marcus aurelius berkata: seni hidup lebih mirip bergulat daripada menari, karena hidup yang berkelas memerlukan persiapan untuk menghadapi dan menahan serangan yang tiba-tiba dan tak terduga — marcus aurelius, meditations""";
"marah,""seperti kata marcus aurelius: hiduplah dengan kebenaran dan keadilan, toleran terhadap mereka yang tidak benar atau tidak adil""";
"sedih,""dalam meditations, marcus aurelius menulis: jangan kembali ke filsafat sebagai pembimbing, tapi sebagai pasien mencari bantuan untuk mata yang sakit, atau perban untuk luka bakar, atau dari salep. dengan cara ini, kamu akan mematuhi alasan tanpa menampilkannya dan merasa nyaman dalam perawatannya""";
"marah,""dalam meditations, marcus aurelius menulis: berapa banyak lebih berat akibat kemarahan dibandingkan penyebabnya""";
"kaget,""kata marcus aurelius: seperti kata marcus aurelius: seni hidup lebih mirip bergulat daripada menari, karena hidup yang berkelas memerlukan persiapan untuk menghadapi dan menahan serangan yang tiba-tiba dan tak terduga""";
netral,hiduplah dengan bijak: kita hidup hanya sekarang. segalanya lainnya entah sudah berlalu atau belum diketahui;
"kaget,""dalam meditations, marcus aurelius menulis: takut akan perubahan? tetapi apa yang bisa ada tanpa itu? apa yang lebih dekat dengan hati alam? bisakah kamu mandi air panas dan meninggalkan kayu bakar seperti itu? makan makanan tanpa mengubahnya? dapatkah proses penting terjadi tanpa sesuatu yang berubah? tidak bisa kamu lihat? itu sama saja dengan kamu - dan sama pentingnya bagi alam""";
kaget,takut akan perubahan? tetapi apa yang bisa ada tanpa itu? apa yang lebih dekat dengan hati alam? bisakah kamu mandi air panas dan meninggalkan kayu bakar seperti itu? makan makanan tanpa mengubahnya? dapatkah proses penting terjadi tanpa sesuatu yang berubah? tidak bisa kamu lihat? itu sama saja dengan kamu - dan sama pentingnya bagi alam. itulah nasihat marcus aurelius.;
"cape,""kamu memiliki kekuasaan atas pikiranmu - bukan atas kejadian di luar. sadarilah ini, dan kamu akan menemukan kekuatan — marcus aurelius""";
"senang,""kata-kata bijak marcus aurelius: berilah dirimu waktu untuk belajar sesuatu yang baik, dan berhentilah berkeliaran kesana-kemari""";
"takut,""kata marcus aurelius: bukan kematian yang seharusnya membuat seorang pria takut, tetapi dia seharusnya takut untuk tidak pernah mulai hidup. demikian pesan sang filsuf""";
"jijik,""seperti kata marcus aurelius: jika seseorang dapat menunjukkan kepadaku bahwa apa yang saya pikirkan atau lakukan tidak benar, saya akan dengan senang hati berubah, karena saya mencari kebenaran, yang tidak pernah merugikan siapa pun secara sungguh-sungguh. itu orang yang terus berada dalam penipuan diri dan ketidaktahuan yang merugikan. demikian pesan sang filsuf — marcus aurelius""";
"jijik,""kebaikan hati adalah tak terkalahkan, tetapi hanya jika itu tulus, tanpa kepura-puraan atau pemalsuan — marcus aurelius — marcus aurelius, meditations""";
"jijik,""marcus aurelius berkata: renungkan: ini adalah tanda kesempurnaan karakter - menghabiskan setiap hari seolah-olah itu hari terakhirmu, tanpa kebingungan, kemalasan, atau pura-pura""";
"takut,""marcus aurelius mengingatkan: seperti kata marcus aurelius: bukan kematian yang seharusnya membuat seorang pria takut, tetapi dia seharusnya takut untuk tidak pernah mulai hidup""";
"jijik,""seperti kata marcus aurelius: jika seseorang dapat menunjukkan kepadaku bahwa apa yang saya pikirkan atau lakukan tidak benar, saya akan dengan senang hati berubah, karena saya mencari kebenaran, yang tidak pernah merugikan siapa pun secara sungguh-sungguh. itu orang yang terus berada dalam penipuan diri dan ketidaktahuan yang merugikan — marcus aurelius, meditations — marcus aurelius""";
"cape,""kata marcus aurelius: penting bagi anda untuk ingat bahwa perhatian yang anda berikan pada setiap tindakan harus sebanding dengan nilainya, karena itu tidak akan membuatmu lelah dan menyerah, jika kamu tidak sibuk dengan hal-hal yang lebih kecil daripada yang seharusnya diizinkan""";
"sedih,""cobalah berdoa dengan cara yang berbeda, dan lihatlah apa yang terjadi: alih-alih meminta 'cara untuk tidur dengannya,' cobalah meminta 'cara untuk berhenti menginginkannya.' alih-alih 'cara untuk menghilangkan dia,' cobalah meminta 'cara untuk tidak merindukan kehancurannya.' alih-alih 'cara untuk tidak kehilangan anakku,' cobalah meminta 'cara untuk kehilangan ketakutan saya akan hal itu.' — marcus aurelius — marcus aurelius""";
"senang,""marcus aurelius berkata: teruslah memikirkan perubahan elemen satu sama lain, karena pemikiran seperti itu membersihkan debu kehidupan duniawi — marcus aurelius, meditations""";
netral,setiap organisme hidup mencapai kesempurnaan ketika mengikuti jalur yang benar untuk sifatnya sendiri. itulah nasihat marcus aurelius.;
senang,marcus aurelius berkata: tidak ada harmoni yang lebih besar. demikian pesan sang filsuf.;
"senang,""kata marcus aurelius: jangan buang waktu lagi untuk bertengkar tentang seperti apa seharusnya seorang pria baik — marcus aurelius, meditations""";
senang,kata marcus aurelius: aturan pertama adalah menjaga semangat yang tenang;
"jijik,""kebaikan hati adalah tak terkalahkan, tetapi hanya jika itu tulus, tanpa kepura-puraan atau pemalsuan. apa yang dapat dilakukan orang jahat terhadapmu jika kamu terus menunjukkan kebaikan hati dan, jika diberi kesempatan, dengan lembut menunjukkan di mana mereka salah - tepat saat mereka mencoba menyakitimu. itulah nasihat marcus aurelius.""";
"cape,""terimalah tanpa kesombongan, lepaskan tanpa perjuangan — filsuf stoa.. demikian pesan sang filsuf""";
"takut,""kata-kata bijak marcus aurelius: marcus aurelius mengingatkan: bukan kematian yang seharusnya membuat seorang pria takut, tetapi dia seharusnya takut untuk tidak pernah mulai hidup""";
"marah,""marcus aurelius berkata: mulailah setiap hari dengan memberi tahu dirimu sendiri: hari ini saya akan bertemu dengan gangguan, ketidakberterimaan, ketidakadilan, kemauan buruk, dan egoisme - semuanya karena ketidaktahuan pelaku tentang apa yang baik atau jahat""";
"cape,""marcus aurelius mengingatkan: terimalah tanpa kesombongan, lepaskan tanpa perjuangan — marcus aurelius""";
"netral,""dari ketiganya, dua pertama adalah milikmu selama mereka berada di bawah perhatianmu — marcus aurelius""";
kaget,takut akan perubahan? tetapi apa yang bisa ada tanpa itu? apa yang lebih dekat dengan hati alam? bisakah kamu mandi air panas dan meninggalkan kayu bakar seperti itu? makan makanan tanpa mengubahnya? dapatkah proses penting terjadi tanpa sesuatu yang berubah? tidak bisa kamu lihat? itu sama saja dengan kamu - dan sama pentingnya bagi alam — marcus aurelius — filsuf stoa.;
"netral,""marcus aurelius mengingatkan: karena dalam kekuasaanmu untuk mundur ke dalam dirimu sendiri kapan saja kamu mau — marcus aurelius, meditations""";
"senang,""hiduplah dengan bijak: gali dalam dirimu, karena ada sumber kebaikan yang selalu siap mengalir jika kamu terus menggali""";
"cape,""terimalah tanpa kesombongan, lepaskan tanpa perjuangan sebuah pelajaran berharga.""";
"senang,""setiap kali kamu bangun di pagi hari, pikirkanlah betapa berharga hak istimewa untuk hidup - bernapas, berpikir, menikmati, mencintai — filsuf stoa.""";
"sedih,""biarkanlah setiap hal yang akan kamu lakukan, katakan, atau niatkan, seperti milik seorang yang akan mati. pesan marcus aurelius.""";
"jijik,""kata-kata bijak marcus aurelius: jika seseorang dapat menunjukkan kepadaku bahwa apa yang saya pikirkan atau lakukan tidak benar, saya akan dengan senang hati berubah, karena saya mencari kebenaran, yang tidak pernah merugikan siapa pun secara sungguh-sungguh. itu orang yang terus berada dalam penipuan diri dan ketidaktahuan yang merugikan. demikian pesan sang filsuf — marcus aurelius""";
kaget,takut akan perubahan — marcus aurelius;
netral,kata marcus aurelius: setiap organisme hidup mencapai kesempurnaan ketika mengikuti jalur yang benar untuk sifatnya sendiri;
"marah,""karena ketika kamu melihat itu, kamu akan merasa kasihan, bukan heran atau marah""";
"senang,""dimanapun seseorang bisa hidup, disana juga seseorang bisa hidup dengan baik — filsuf stoa.""";
"cape,""kata marcus aurelius: kamu memiliki kekuasaan atas pikiranmu - bukan atas kejadian di luar. sadarilah ini, dan kamu akan menemukan kekuatan""";
marah,renungkan: balas dendam terbaik adalah menjadi tidak seperti orang yang melakukan kejahatan;
jijik,marcus aurelius berkata: itu orang yang terus berada dalam penipuan diri dan ketidaktahuan yang merugikan. demikian pesan sang filsuf.;
kaget,renungkan: takut akan perubahan? tetapi apa yang bisa ada tanpa itu? apa yang lebih dekat dengan hati alam? bisakah kamu mandi air panas dan meninggalkan kayu bakar seperti itu? makan makanan tanpa mengubahnya? dapatkah proses penting terjadi tanpa sesuatu yang berubah? tidak bisa kamu lihat? itu sama saja dengan kamu - dan sama pentingnya bagi alam;
kaget,marcus aurelius berkata: kata marcus aurelius: dapatkah proses penting terjadi tanpa sesuatu yang berubah;
"marah,""pertahankan daftar di hadapan pikiranmu tentang mereka yang terbakar kemarahan dan kekecewaan terhadap sesuatu, bahkan yang paling terkenal karena kesuksesan, kemalangan, perbuatan jahat, atau prestasi istimewa apa pun. kemudian tanyakan pada dirimu sendiri, bagaimana hasilnya? asap dan debu, materi dongeng sederhana yang berusaha menjadi legenda — marcus aurelius""";
"jijik,""jika seseorang dapat menunjukkan kepadaku bahwa apa yang saya pikirkan atau lakukan tidak benar, saya akan dengan senang hati berubah, karena saya mencari kebenaran, yang tidak pernah merugikan siapa pun secara sungguh-sungguh. itu orang yang terus berada dalam penipuan diri dan ketidaktahuan yang merugikan — filsuf stoa.""";
"kaget,""kata marcus aurelius: peringatan marcus aurelius: seni hidup lebih mirip bergulat daripada menari, karena hidup yang berkelas memerlukan persiapan untuk menghadapi dan menahan serangan yang tiba-tiba dan tak terduga — marcus aurelius, meditations""";
"netral,""peringatan marcus aurelius: jangan biarkan masa depan mengganggumu. kamu akan menghadapinya, jika perlu, dengan senjata alasan yang sama yang hari ini melindungimu dari saat ini""";
marah,peringatan marcus aurelius: balas dendam terbaik adalah menjadi tidak seperti orang yang melakukan kejahatan;
"jijik,""marcus aurelius berkata: jika seseorang dapat menunjukkan kepadaku bahwa apa yang saya pikirkan atau lakukan tidak benar, saya akan dengan senang hati berubah, karena saya mencari kebenaran, yang tidak pernah merugikan siapa pun secara sungguh-sungguh — marcus aurelius""";
senang,marcus aurelius mengingatkan: aturan pertama adalah menjaga semangat yang tenang. kedua adalah menghadapi hal-hal sebagaimana adanya dan mengenalinya untuk apa adanya;
"netral,""terimalah hal-hal yang tak bisa diubah takdirmu, dan cintailah orang-orang yang takdir bawa padamu, tapi lakukanlah dengan sepenuh hati. itulah nasihat marcus aurelius.""";
"cape,""penting bagi anda untuk ingat bahwa perhatian yang anda berikan pada setiap tindakan harus sebanding dengan nilainya, karena itu tidak akan membuatmu lelah dan menyerah, jika kamu tidak sibuk dengan hal-hal yang lebih kecil daripada yang seharusnya diizinkan — marcus aurelius, meditations""";
"kaget,""marcus aurelius berkata: hiduplah dengan bijak: seni hidup lebih mirip bergulat daripada menari, karena hidup yang berkelas memerlukan persiapan untuk menghadapi dan menahan serangan yang tiba-tiba dan tak terduga""";
"jijik,""marcus aurelius berkata: peringatan marcus aurelius: ini adalah tanda kesempurnaan karakter - menghabiskan setiap hari seolah-olah itu hari terakhirmu, tanpa kebingungan, kemalasan, atau pura-pura""";
"netral,""marcus aurelius berkata: dari ketiganya, dua pertama adalah milikmu selama mereka berada di bawah perhatianmu""";
"cape,""dalam meditations, marcus aurelius menulis: penting bagi anda untuk ingat bahwa perhatian yang anda berikan pada setiap tindakan harus sebanding dengan nilainya, karena itu tidak akan membuatmu lelah dan menyerah, jika kamu tidak sibuk dengan hal-hal yang lebih kecil daripada yang seharusnya diizinkan — marcus aurelius, meditations — marcus aurelius""";
"netral,""pilihlah untuk tidak terluka, dan kamu tidak akan merasakannya. pesan marcus aurelius.""";
"jijik,""marcus aurelius berkata: marcus aurelius berkata: ini adalah tanda kesempurnaan karakter - menghabiskan setiap hari seolah-olah itu hari terakhirmu, tanpa kebingungan, kemalasan, atau pura-pura""";
"cape,""kamu memiliki kekuasaan atas pikiranmu - bukan atas kejadian di luar. sadarilah ini, dan kamu akan menemukan kekuatan. pesan marcus aurelius.""";
"marah,""karena ketika kamu melihat itu, kamu akan merasa kasihan, bukan heran atau marah — marcus aurelius — marcus aurelius, meditations""";
"sedih,""marcus aurelius berkata: dalam meditations, marcus aurelius menulis: pikirkanlah hidup yang telah kamu jalani sampai sekarang sebagai berakhir, dan sebagai seorang yang sudah mati, lihatlah apa yang masih tersisa sebagai bonus dan hiduplah sesuai dengan alam. cintailah tangan yang takdir berikan padamu dan mainkanlah seperti milikmu sendiri, karena apakah yang lebih cocok — marcus aurelius, meditations""";
"cape,""sadarilah ini, dan kamu akan menemukan kekuatan. pesan marcus aurelius.""";
"sedih,""marcus aurelius berkata: marcus aurelius mengingatkan: cobalah berdoa dengan cara yang berbeda, dan lihatlah apa yang terjadi: alih-alih meminta 'cara untuk tidur dengannya,' cobalah meminta 'cara untuk berhenti menginginkannya.' alih-alih 'cara untuk menghilangkan dia,' cobalah meminta 'cara untuk tidak merindukan kehancurannya.' alih-alih 'cara untuk tidak kehilangan anakku,' cobalah meminta 'cara untuk kehilangan ketakutan saya akan hal itu.'""";
"cape,""sadarilah ini, dan kamu akan menemukan kekuatan. pesan marcus aurelius""";
kaget,takut akan perubahan? tetapi apa yang bisa ada tanpa itu? apa yang lebih dekat dengan hati alam? bisakah kamu mandi air panas dan meninggalkan kayu bakar seperti itu? makan makanan tanpa mengubahnya? dapatkah proses penting terjadi tanpa sesuatu yang berubah? tidak bisa kamu lihat? itu sama saja dengan kamu - dan sama pentingnya bagi alam. itulah nasihat marcus aurelius;
"senang,""renungkanlah keindahan hidup. lihatlah bintang-bintang, dan bayangkan dirimu berlari bersama mereka. teruslah memikirkan perubahan elemen satu sama lain, karena pemikiran seperti itu membersihkan debu kehidupan duniawi. pesan marcus aurelius. — marcus aurelius, meditations""";
kaget,marcus aurelius mengingatkan: dapatkah proses penting terjadi tanpa sesuatu yang berubah;
"sedih,""dalam meditations, marcus aurelius menulis: pikirkanlah hidup yang telah kamu jalani sampai sekarang sebagai berakhir, dan sebagai seorang yang sudah mati, lihatlah apa yang masih tersisa sebagai bonus dan hiduplah sesuai dengan alam. cintailah tangan yang takdir berikan padamu dan mainkanlah seperti milikmu sendiri, karena apakah yang lebih cocok — marcus aurelius""";
netral,kata-kata bijak marcus aurelius: alam semesta adalah transformasi; hidup kita adalah apa yang pikiran kita ciptakan
"takut,""marcus aurelius mengingatkan: bukan kematian yang seharusnya membuat seorang pria takut, tetapi dia seharusnya takut untuk tidak pernah mulai hidup — marcus aurelius, meditations""";
"takut,""marcus aurelius berkata: seperti kata marcus aurelius: bukan kematian yang seharusnya membuat seorang pria takut, tetapi dia seharusnya takut untuk tidak pernah mulai hidup""";
"takut,""bukan kematian yang seharusnya membuat seorang pria takut, tetapi dia seharusnya takut untuk tidak pernah mulai hidup — marcus aurelius""";
cape,renungkan: lihatlah ke dalam dirimu; ada sumber kekuatan yang akan selalu muncul jika kamu terus melihat — marcus aurelius
"takut,""hiduplah dengan bijak: peringatan marcus aurelius: bukan kematian yang seharusnya membuat seorang pria takut, tetapi dia seharusnya takut untuk tidak pernah mulai hidup""";
"kaget,""seni hidup lebih mirip bergulat daripada menari, karena hidup yang berkelas memerlukan persiapan untuk menghadapi dan menahan serangan yang tiba-tiba dan tak terduga — filsuf stoa.. demikian pesan sang filsuf — marcus aurelius""";
"senang,""peringatan marcus aurelius: renungkanlah keindahan hidup. lihatlah bintang-bintang, dan bayangkan dirimu berlari bersama mereka. teruslah memikirkan perubahan elemen satu sama lain, karena pemikiran seperti itu membersihkan debu kehidupan duniawi""";
kaget,renungkan: takut akan perubahan;
kaget,marcus aurelius berkata: kata marcus aurelius: takut akan perubahan? tetapi apa yang bisa ada tanpa itu? apa yang lebih dekat dengan hati alam? bisakah kamu mandi air panas dan meninggalkan kayu bakar seperti itu? makan makanan tanpa mengubahnya? dapatkah proses penting terjadi tanpa sesuatu yang berubah? tidak bisa kamu lihat? itu sama saja dengan kamu - dan sama pentingnya bagi alam;
netral,kata-kata bijak marcus aurelius: jiwa menjadi terwarnai oleh warna pikiranmu;
"jijik,""kebaikan hati adalah tak terkalahkan, tetapi hanya jika itu tulus, tanpa kepura-puraan atau pemalsuan. pesan marcus aurelius — marcus aurelius""";
"netral,""kata-kata bijak marcus aurelius: hari-harimu dihitung. gunakanlah untuk membuka jendela-jendela jiwamu ke matahari. jika tidak, matahari akan segera terbenam, dan kamu bersamanya — marcus aurelius, meditations""";
"kaget,""peringatan marcus aurelius: seni hidup lebih mirip bergulat daripada menari, karena hidup yang berkelas memerlukan persiapan untuk menghadapi dan menahan serangan yang tiba-tiba dan tak terduga — marcus aurelius, meditations""";
"senang,""setiap kali kamu bangun di pagi hari, pikirkanlah betapa berharga hak istimewa untuk hidup - bernapas, berpikir, menikmati, mencintai. itulah nasihat marcus aurelius.""";
"senang,""dalam meditations, marcus aurelius menulis: yang kamu butuhkan hanyalah ini: keyakinan dalam penilaian saat ini: tindakan untuk kebaikan bersama saat ini";" dan sikap bersyukur saat ini untuk apa pun yang datang padamu"""
"jijik,""kebaikan hati adalah tak terkalahkan, tetapi hanya jika itu tulus, tanpa kepura-puraan atau pemalsuan — marcus aurelius — marcus aurelius""";
"sedih,""marcus aurelius berkata: hiduplah dengan bijak: jangan kembali ke filsafat sebagai pembimbing, tapi sebagai pasien mencari bantuan untuk mata yang sakit, atau perban untuk luka bakar, atau dari salep. dengan cara ini, kamu akan mematuhi alasan tanpa menampilkannya dan merasa nyaman dalam perawatannya""";
"takut,""marcus aurelius mengingatkan: marcus aurelius mengingatkan: bukan kematian yang seharusnya membuat seorang pria takut, tetapi dia seharusnya takut untuk tidak pernah mulai hidup. demikian pesan sang filsuf""";
"marah,""hiduplah dengan kebenaran dan keadilan, toleran terhadap mereka yang tidak benar atau tidak adil""";
"netral,""marcus aurelius berkata: pahami akhirnya bahwa kamu memiliki sesuatu di dalam dirimu yang lebih kuat dan ilahi daripada yang menyebabkan gairah tubuh dan menarikmu seperti boneka semata. pikiran apa sekarang yang menduduki pikiran saya? bukan kah takut, curiga, keinginan, atau sesuatu seperti itu""";
"sedih,""cobalah berdoa dengan cara yang berbeda, dan lihatlah apa yang terjadi: alih-alih meminta 'cara untuk tidur dengannya,' cobalah meminta 'cara untuk berhenti menginginkannya.' alih-alih 'cara untuk menghilangkan dia,' cobalah meminta 'cara untuk tidak merindukan kehancurannya.' alih-alih 'cara untuk tidak kehilangan anakku,' cobalah meminta 'cara untuk kehilangan ketakutan saya akan hal itu.'. itulah nasihat marcus aurelius.""";
"senang,""hiduplah dengan bijak: dimanapun seseorang bisa hidup, disana juga seseorang bisa hidup dengan baik""";
"takut,""marcus aurelius mengingatkan: bukan kematian yang seharusnya membuat seorang pria takut, tetapi dia seharusnya takut untuk tidak pernah mulai hidup. pesan marcus aurelius.""";
"takut,""renungkan: marcus aurelius mengingatkan: bukan kematian yang seharusnya membuat seorang pria takut, tetapi dia seharusnya takut untuk tidak pernah mulai hidup. demikian pesan sang filsuf""";
"marah,""marcus aurelius berkata: seberapa banyak waktu yang dia dapatkan yang tidak memandang kemarahan dan ketidaksenangan tentang sesuatu, karena itu sama sekali tidak peduli — marcus aurelius, meditations""";
"jijik,""seperti kata marcus aurelius: jika seseorang dapat menunjukkan kepadaku bahwa apa yang saya pikirkan atau lakukan tidak benar, saya akan dengan senang hati berubah, karena saya mencari kebenaran, yang tidak pernah merugikan siapa pun secara sungguh-sungguh. itu orang yang terus berada dalam penipuan diri dan ketidaktahuan yang merugikan. demikian pesan sang filsuf.""";
senang,jangan buang waktu lagi untuk bertengkar tentang seperti apa seharusnya seorang pria baik. jadilah satu — marcus aurelius. demikian pesan sang filsuf.;
"marah,""seringkali ketidakadilan terletak pada apa yang tidak kamu lakukan, bukan hanya pada apa yang kamu lakukan — marcus aurelius, meditations""";
"marah,""seringkali ketidakadilan terletak pada apa yang tidak kamu lakukan, bukan hanya pada apa yang kamu lakukan — filsuf stoa.""";
"netral,""peringatan marcus aurelius: pahami akhirnya bahwa kamu memiliki sesuatu di dalam dirimu yang lebih kuat dan ilahi daripada yang menyebabkan gairah tubuh dan menarikmu seperti boneka semata. pikiran apa sekarang yang menduduki pikiran saya? bukan kah takut, curiga, keinginan, atau sesuatu seperti itu. demikian pesan sang filsuf.""";
"sedih,""pikirkanlah hidup yang telah kamu jalani sampai sekarang sebagai berakhir, dan sebagai seorang yang sudah mati, lihatlah apa yang masih tersisa sebagai bonus dan hiduplah sesuai dengan alam. cintailah tangan yang takdir berikan padamu dan mainkanlah seperti milikmu sendiri, karena apakah yang lebih cocok. itulah nasihat marcus aurelius""";
"jijik,""kata-kata bijak marcus aurelius: jika seseorang dapat menunjukkan kepadaku bahwa apa yang saya pikirkan atau lakukan tidak benar, saya akan dengan senang hati berubah, karena saya mencari kebenaran, yang tidak pernah merugikan siapa pun secara sungguh-sungguh. itu orang yang terus berada dalam penipuan diri dan ketidaktahuan yang merugikan — marcus aurelius, meditations — marcus aurelius""";
kaget,kata-kata bijak marcus aurelius: takut akan perubahan? tetapi apa yang bisa ada tanpa itu? apa yang lebih dekat dengan hati alam? bisakah kamu mandi air panas dan meninggalkan kayu bakar seperti itu? makan makanan tanpa mengubahnya? dapatkah proses penting terjadi tanpa sesuatu yang berubah? tidak bisa kamu lihat? itu sama saja dengan kamu - dan sama pentingnya bagi alam;
"takut,""marcus aurelius berkata: bukan kematian yang seharusnya membuat seorang pria takut, tetapi dia seharusnya takut untuk tidak pernah mulai hidup. demikian pesan sang filsuf""";
"marah,""marcus aurelius berkata: hiduplah dengan kebenaran dan keadilan, toleran terhadap mereka yang tidak benar atau tidak adil""";
"jijik,""jika seseorang dapat menunjukkan kepadaku bahwa apa yang saya pikirkan atau lakukan tidak benar, saya akan dengan senang hati berubah, karena saya mencari kebenaran, yang tidak pernah merugikan siapa pun secara sungguh-sungguh. pesan marcus aurelius. — marcus aurelius, meditations — marcus aurelius""";
senang,kata-kata bijak marcus aurelius: kebahagiaan hidupmu bergantung pada kualitas pikiranmu;
"kaget,""seni hidup lebih mirip bergulat daripada menari, karena hidup yang berkelas memerlukan persiapan untuk menghadapi dan menahan serangan yang tiba-tiba dan tak terduga sebuah pelajaran berharga. — marcus aurelius, meditations""";
"sedih,""marcus aurelius berkata: jangan kembali ke filsafat sebagai pembimbing, tapi sebagai pasien mencari bantuan untuk mata yang sakit, atau perban untuk luka bakar, atau dari salep. dengan cara ini, kamu akan mematuhi alasan tanpa menampilkannya dan merasa nyaman dalam perawatannya — marcus aurelius, meditations — marcus aurelius""";
"jijik,""peringatan marcus aurelius: jika seseorang dapat menunjukkan kepadaku bahwa apa yang saya pikirkan atau lakukan tidak benar, saya akan dengan senang hati berubah, karena saya mencari kebenaran, yang tidak pernah merugikan siapa pun secara sungguh-sungguh. itu orang yang terus berada dalam penipuan diri dan ketidaktahuan yang merugikan — marcus aurelius""";
kaget,marcus aurelius berkata: dapatkah proses penting terjadi tanpa sesuatu yang berubah;
"jijik,""kebaikan hati adalah tak terkalahkan, tetapi hanya jika itu tulus, tanpa kepura-puraan atau pemalsuan. apa yang dapat dilakukan orang jahat terhadapmu jika kamu terus menunjukkan kebaikan hati dan, jika diberi kesempatan, dengan lembut menunjukkan di mana mereka salah - tepat saat mereka mencoba menyakitimu sebuah pelajaran berharga""";
senang,renungkanlah keindahan hidup — marcus aurelius. demikian pesan sang filsuf.;
"cape,""sadarilah ini, dan kamu akan menemukan kekuatan — marcus aurelius — marcus aurelius""";
"sedih,""marcus aurelius mengingatkan: jangan kembali ke filsafat sebagai pembimbing, tapi sebagai pasien mencari bantuan untuk mata yang sakit, atau perban untuk luka bakar, atau dari salep. dengan cara ini, kamu akan mematuhi alasan tanpa menampilkannya dan merasa nyaman dalam perawatannya""";
"senang,""marcus aurelius mengingatkan: renungkanlah keindahan hidup. lihatlah bintang-bintang, dan bayangkan dirimu berlari bersama mereka. teruslah memikirkan perubahan elemen satu sama lain, karena pemikiran seperti itu membersihkan debu kehidupan duniawi""";
"marah,""mulailah setiap hari dengan memberi tahu dirimu sendiri: hari ini saya akan bertemu dengan gangguan, ketidakberterimaan, ketidakadilan, kemauan buruk, dan egoisme - semuanya karena ketidaktahuan pelaku tentang apa yang baik atau jahat""";
"takut,""renungkan: peringatan marcus aurelius: bukan kematian yang seharusnya membuat seorang pria takut, tetapi dia seharusnya takut untuk tidak pernah mulai hidup""";
"jijik,""kata marcus aurelius: ini adalah tanda kesempurnaan karakter - menghabiskan setiap hari seolah-olah itu hari terakhirmu, tanpa kebingungan, kemalasan, atau pura-pura — marcus aurelius""";
"kaget,""seni hidup lebih mirip bergulat daripada menari, karena hidup yang berkelas memerlukan persiapan untuk menghadapi dan menahan serangan yang tiba-tiba dan tak terduga. pesan marcus aurelius — marcus aurelius""";
"kaget,""kata marcus aurelius: marcus aurelius berkata: seni hidup lebih mirip bergulat daripada menari, karena hidup yang berkelas memerlukan persiapan untuk menghadapi dan menahan serangan yang tiba-tiba dan tak terduga""";
"sedih,""marcus aurelius mengingatkan: cobalah berdoa dengan cara yang berbeda, dan lihatlah apa yang terjadi: alih-alih meminta 'cara untuk tidur dengannya,' cobalah meminta 'cara untuk berhenti menginginkannya.' alih-alih 'cara untuk menghilangkan dia,' cobalah meminta 'cara untuk tidak merindukan kehancurannya.' alih-alih 'cara untuk tidak kehilangan anakku,' cobalah meminta 'cara untuk kehilangan ketakutan saya akan hal itu.'""";
"netral,""timun itu pahit, maka buanglah! ada duri di jalan, maka hindarilah! cukuplah. mengapa memikirkan keberadaan sesuatu yang merepotkan sebuah pelajaran berharga.. demikian pesan sang filsuf.""";
"jijik,""jika seseorang dapat menunjukkan kepadaku bahwa apa yang saya pikirkan atau lakukan tidak benar, saya akan dengan senang hati berubah, karena saya mencari kebenaran, yang tidak pernah merugikan siapa pun secara sungguh-sungguh. itu orang yang terus berada dalam penipuan diri dan ketidaktahuan yang merugikan. demikian pesan sang filsuf.""";
netral,pikiran yang terbebas dari gairah adalah benteng yang tidak dapat ditembus - seseorang tidak memiliki tempat perlindungan yang lebih aman selamanya. demikian pesan sang filsuf.;
"cape,""terimalah tanpa kesombongan, lepaskan tanpa perjuangan sebuah pelajaran berharga""";
netral,kamu memiliki tugas untuk dipenuhi seperti seorang prajurit di tembok pertempuran. pesan marcus aurelius.;
"kaget,""seni hidup lebih mirip bergulat daripada menari, karena hidup yang berkelas memerlukan persiapan untuk menghadapi dan menahan serangan yang tiba-tiba dan tak terduga. demikian pesan sang filsuf""";
"jijik,""kata marcus aurelius: ini adalah tanda kesempurnaan karakter - menghabiskan setiap hari seolah-olah itu hari terakhirmu, tanpa kebingungan, kemalasan, atau pura-pura. demikian pesan sang filsuf — marcus aurelius""";
"senang,""marcus aurelius mengingatkan: jangan berlebihan dalam impian memiliki apa yang belum kamu miliki, tapi hitunglah berkah utama yang kamu miliki, dan kemudian dengan rasa syukur ingatlah bagaimana kamu akan merindukannya jika itu bukan milikmu""";
"jijik,""kata marcus aurelius: ini adalah tanda kesempurnaan karakter - menghabiskan setiap hari seolah-olah itu hari terakhirmu, tanpa kebingungan, kemalasan, atau pura-pura""";
"cape,""terimalah tanpa kesombongan, lepaskan tanpa perjuangan — marcus aurelius — marcus aurelius""";
"sedih,""peringatan marcus aurelius: jangan kembali ke filsafat sebagai pembimbing, tapi sebagai pasien mencari bantuan untuk mata yang sakit, atau perban untuk luka bakar, atau dari salep. dengan cara ini, kamu akan mematuhi alasan tanpa menampilkannya dan merasa nyaman dalam perawatannya — marcus aurelius""";
"sedih,""jangan kembali ke filsafat sebagai pembimbing, tapi sebagai pasien mencari bantuan untuk mata yang sakit, atau perban untuk luka bakar, atau dari salep. dengan cara ini, kamu akan mematuhi alasan tanpa menampilkannya dan merasa nyaman dalam perawatannya sebuah pelajaran berharga.""";
marah,berapa banyak lebih berat akibat kemarahan dibandingkan penyebabnya sebuah pelajaran berharga.;
"senang,""renungkan: setiap kali kamu bangun di pagi hari, pikirkanlah betapa berharga hak istimewa untuk hidup - bernapas, berpikir, menikmati, mencintai""";
"marah,""renungkan: seberapa banyak waktu yang dia dapatkan yang tidak memandang kemarahan dan ketidaksenangan tentang sesuatu, karena itu sama sekali tidak peduli""";
"marah,""marcus aurelius mengingatkan: mulailah setiap hari dengan memberi tahu dirimu sendiri: hari ini saya akan bertemu dengan gangguan, ketidakberterimaan, ketidakadilan, kemauan buruk, dan egoisme - semuanya karena ketidaktahuan pelaku tentang apa yang baik atau jahat""";
"sedih,""seperti kata marcus aurelius: jangan kembali ke filsafat sebagai pembimbing, tapi sebagai pasien mencari bantuan untuk mata yang sakit, atau perban untuk luka bakar, atau dari salep""";
kaget,takut akan perubahan? tetapi apa yang bisa ada tanpa itu? apa yang lebih dekat dengan hati alam? bisakah kamu mandi air panas dan meninggalkan kayu bakar seperti itu? makan makanan tanpa mengubahnya? dapatkah proses penting terjadi tanpa sesuatu yang berubah? tidak bisa kamu lihat? itu sama saja dengan kamu - dan sama pentingnya bagi alam — filsuf stoa — marcus aurelius;
"cape,""kamu memiliki kekuasaan atas pikiranmu - bukan atas kejadian di luar. sadarilah ini, dan kamu akan menemukan kekuatan — marcus aurelius, meditations""";
"netral,""tidak ada alam yang lebih rendah dari seni, karena seni meniru alam. pesan marcus aurelius.""";
"jijik,""ini adalah tanda kesempurnaan karakter - menghabiskan setiap hari seolah-olah itu hari terakhirmu, tanpa kebingungan, kemalasan, atau pura-pura. pesan marcus aurelius""";
"jijik,""kebaikan hati adalah tak terkalahkan, tetapi hanya jika itu tulus, tanpa kepura-puraan atau pemalsuan — marcus aurelius. demikian pesan sang filsuf — marcus aurelius""";
"marah,""marcus aurelius mengingatkan: setiap kali seseorang melakukan kesalahan terhadapmu, segera pertimbangkan apa pemikiran tentang yang baik atau jahat yang mereka miliki dalam melakukannya. karena ketika kamu melihat itu, kamu akan merasa kasihan, bukan heran atau marah""";
"takut,""kata-kata bijak marcus aurelius: bukan kematian yang seharusnya membuat seorang pria takut, tetapi dia seharusnya takut untuk tidak pernah mulai hidup""";
"cape,""hiduplah dengan bijak: [aku belajar] membaca dengan tekun";" tidak puas dengan pengetahuan yang ringan dan dangkal, dan tidak cepat setuju dengan hal-hal yang umum dibicarakan — marcus aurelius"""
"jijik,""kebaikan hati adalah tak terkalahkan, tetapi hanya jika itu tulus, tanpa kepura-puraan atau pemalsuan. apa yang dapat dilakukan orang jahat terhadapmu jika kamu terus menunjukkan kebaikan hati dan, jika diberi kesempatan, dengan lembut menunjukkan di mana mereka salah - tepat saat mereka mencoba menyakitimu. itulah nasihat marcus aurelius.. demikian pesan sang filsuf — marcus aurelius""";
marah,balas dendam terbaik adalah menjadi tidak seperti orang yang melakukan kejahatan — filsuf stoa.;
kaget,takut akan perubahan? tetapi apa yang bisa ada tanpa itu? apa yang lebih dekat dengan hati alam? bisakah kamu mandi air panas dan meninggalkan kayu bakar seperti itu? makan makanan tanpa mengubahnya? dapatkah proses penting terjadi tanpa sesuatu yang berubah? tidak bisa kamu lihat? itu sama saja dengan kamu - dan sama pentingnya bagi alam sebuah pelajaran berharga — marcus aurelius;
"marah,""mulailah setiap hari dengan memberi tahu dirimu sendiri: hari ini saya akan bertemu dengan gangguan, ketidakberterimaan, ketidakadilan, kemauan buruk, dan egoisme - semuanya karena ketidaktahuan pelaku tentang apa yang baik atau jahat — filsuf stoa.""";
"kaget,""marcus aurelius mengingatkan: seni hidup lebih mirip bergulat daripada menari, karena hidup yang berkelas memerlukan persiapan untuk menghadapi dan menahan serangan yang tiba-tiba dan tak terduga. demikian pesan sang filsuf — marcus aurelius""";
"marah,""marcus aurelius berkata: setiap kali seseorang melakukan kesalahan terhadapmu, segera pertimbangkan apa pemikiran tentang yang baik atau jahat yang mereka miliki dalam melakukannya. karena ketika kamu melihat itu, kamu akan merasa kasihan, bukan heran atau marah""";
"sedih,""hiduplah dengan bijak: jangan kembali ke filsafat sebagai pembimbing, tapi sebagai pasien mencari bantuan untuk mata yang sakit, atau perban untuk luka bakar, atau dari salep. dengan cara ini, kamu akan mematuhi alasan tanpa menampilkannya dan merasa nyaman dalam perawatannya — marcus aurelius, meditations — marcus aurelius""";
"takut,""bukan kematian yang seharusnya membuat seorang pria takut, tetapi dia seharusnya takut untuk tidak pernah mulai hidup — marcus aurelius. demikian pesan sang filsuf.""";
"cape,""dalam meditations, marcus aurelius menulis: kamu memiliki kekuasaan atas pikiranmu - bukan atas kejadian di luar. sadarilah ini, dan kamu akan menemukan kekuatan — marcus aurelius""";
"marah,""kata marcus aurelius: mulailah setiap hari dengan memberi tahu dirimu sendiri: hari ini saya akan bertemu dengan gangguan, ketidakberterimaan, ketidakadilan, kemauan buruk, dan egoisme - semuanya karena ketidaktahuan pelaku tentang apa yang baik atau jahat""";
kaget,marcus aurelius berkata: marcus aurelius berkata: takut akan perubahan? tetapi apa yang bisa ada tanpa itu? apa yang lebih dekat dengan hati alam? bisakah kamu mandi air panas dan meninggalkan kayu bakar seperti itu? makan makanan tanpa mengubahnya? dapatkah proses penting terjadi tanpa sesuatu yang berubah? tidak bisa kamu lihat? itu sama saja dengan kamu - dan sama pentingnya bagi alam;
"senang,""yang tidak baik untuk sarang, tidak baik untuk lebah — marcus aurelius""";
"cape,""kamu memiliki kekuasaan atas pikiranmu - bukan atas kejadian di luar. sadarilah ini, dan kamu akan menemukan kekuatan. itulah nasihat marcus aurelius""";
senang,yang kamu butuhkan hanyalah ini: keyakinan dalam penilaian saat ini: tindakan untuk kebaikan bersama saat ini; dan sikap bersyukur saat ini untuk apa pun yang datang padamu sebuah pelajaran berharga.
"marah,""mulailah setiap hari dengan memberi tahu dirimu sendiri: hari ini saya akan bertemu dengan gangguan, ketidakberterimaan, ketidakadilan, kemauan buruk, dan egoisme - semuanya karena ketidaktahuan pelaku tentang apa yang baik atau jahat. pesan marcus aurelius.""";
kaget,peringatan marcus aurelius: takut akan perubahan? tetapi apa yang bisa ada tanpa itu? apa yang lebih dekat dengan hati alam? bisakah kamu mandi air panas dan meninggalkan kayu bakar seperti itu? makan makanan tanpa mengubahnya? dapatkah proses penting terjadi tanpa sesuatu yang berubah? tidak bisa kamu lihat? itu sama saja dengan kamu - dan sama pentingnya bagi alam;
"cape,""marcus aurelius berkata: terimalah tanpa kesombongan, lepaskan tanpa perjuangan""";
netral,jangan biarkan masa depan mengganggumu;
"netral,""kata marcus aurelius: kamu terbentuk dari tiga bagian - tubuh, nafas, dan pikiran""";
cape,kata-kata bijak marcus aurelius: lihatlah ke dalam dirimu; ada sumber kekuatan yang akan selalu muncul jika kamu terus melihat — marcus aurelius
"kaget,""marcus aurelius mengingatkan: seni hidup lebih mirip bergulat daripada menari, karena hidup yang berkelas memerlukan persiapan untuk menghadapi dan menahan serangan yang tiba-tiba dan tak terduga""";
"takut,""seperti kata marcus aurelius: bukan kematian yang seharusnya membuat seorang pria takut, tetapi dia seharusnya takut untuk tidak pernah mulai hidup — filsuf stoa.""";
"kaget,""seni hidup lebih mirip bergulat daripada menari, karena hidup yang berkelas memerlukan persiapan untuk menghadapi dan menahan serangan yang tiba-tiba dan tak terduga. itulah nasihat marcus aurelius — marcus aurelius""";
"senang,""dalam meditations, marcus aurelius menulis: yang tidak baik untuk sarang, tidak baik untuk lebah""";
"sedih,""seperti kata marcus aurelius: pikirkanlah hidup yang telah kamu jalani sampai sekarang sebagai berakhir, dan sebagai seorang yang sudah mati, lihatlah apa yang masih tersisa sebagai bonus dan hiduplah sesuai dengan alam. cintailah tangan yang takdir berikan padamu dan mainkanlah seperti milikmu sendiri, karena apakah yang lebih cocok — marcus aurelius, meditations — marcus aurelius""";
"sedih,""renungkan: cobalah berdoa dengan cara yang berbeda, dan lihatlah apa yang terjadi: alih-alih meminta 'cara untuk tidur dengannya,' cobalah meminta 'cara untuk berhenti menginginkannya.' alih-alih 'cara untuk menghilangkan dia,' cobalah meminta 'cara untuk tidak merindukan kehancurannya.' alih-alih 'cara untuk tidak kehilangan anakku,' cobalah meminta 'cara untuk kehilangan ketakutan saya akan hal itu.'""";
"kaget,""peringatan marcus aurelius: seni hidup lebih mirip bergulat daripada menari, karena hidup yang berkelas memerlukan persiapan untuk menghadapi dan menahan serangan yang tiba-tiba dan tak terduga. demikian pesan sang filsuf.""";
"marah,""setiap kali kamu akan menyalahkan seseorang, tanyakan pada dirimu sendiri pertanyaan berikut: kesalahan apakah yang paling mirip dengan apa yang akan saya kritik ini — filsuf stoa.""";
"cape,""kamu memiliki kekuasaan atas pikiranmu - bukan atas kejadian di luar. sadarilah ini, dan kamu akan menemukan kekuatan sebuah pelajaran berharga""";
"jijik,""ini adalah tanda kesempurnaan karakter - menghabiskan setiap hari seolah-olah itu hari terakhirmu, tanpa kebingungan, kemalasan, atau pura-pura sebuah pelajaran berharga.. demikian pesan sang filsuf""";
"kaget,""kata-kata bijak marcus aurelius: seni hidup lebih mirip bergulat daripada menari, karena hidup yang berkelas memerlukan persiapan untuk menghadapi dan menahan serangan yang tiba-tiba dan tak terduga — marcus aurelius""";
"takut,""bukan kematian yang seharusnya membuat seorang pria takut, tetapi dia seharusnya takut untuk tidak pernah mulai hidup sebuah pelajaran berharga — marcus aurelius""";
"marah,""mulailah setiap hari dengan memberi tahu dirimu sendiri: hari ini saya akan bertemu dengan gangguan, ketidakberterimaan, ketidakadilan, kemauan buruk, dan egoisme - semuanya karena ketidaktahuan pelaku tentang apa yang baik atau jahat sebuah pelajaran berharga.""";
"senang,""kata-kata bijak marcus aurelius: berikut adalah aturan untuk diingat di masa depan, ketika sesuatu merayu kamu untuk merasa pahit: bukan 'ini adalah kemalangan,' tetapi 'menanggung ini dengan baik adalah keberuntungan baik.'""";
"marah,""pertahankan daftar di hadapan pikiranmu tentang mereka yang terbakar kemarahan dan kekecewaan terhadap sesuatu, bahkan yang paling terkenal karena kesuksesan, kemalangan, perbuatan jahat, atau prestasi istimewa apa pun. kemudian tanyakan pada dirimu sendiri, bagaimana hasilnya? asap dan debu, materi dongeng sederhana yang berusaha menjadi legenda sebuah pelajaran berharga.""";
"takut,""bukan kematian yang seharusnya membuat seorang pria takut, tetapi dia seharusnya takut untuk tidak pernah mulai hidup. pesan marcus aurelius.""";
"marah,""setiap kali seseorang melakukan kesalahan terhadapmu, segera pertimbangkan apa pemikiran tentang yang baik atau jahat yang mereka miliki dalam melakukannya. karena ketika kamu melihat itu, kamu akan merasa kasihan, bukan heran atau marah""";
"netral,""dalam meditations, marcus aurelius menulis: terimalah hal-hal yang tak bisa diubah takdirmu, dan cintailah orang-orang yang takdir bawa padamu, tapi lakukanlah dengan sepenuh hati""";
"senang,""peringatan marcus aurelius: mencintai hanya apa yang terjadi, apa yang sudah ditentukan. tidak ada harmoni yang lebih besar — marcus aurelius, meditations""";
netral,marcus aurelius berkata: jangan bertindak seolah-olah kamu akan hidup sepuluh ribu tahun;
"takut,""renungkan: marcus aurelius berkata: bukan kematian yang seharusnya membuat seorang pria takut, tetapi dia seharusnya takut untuk tidak pernah mulai hidup""";
"marah,""hiduplah dengan bijak: pertahankan daftar di hadapan pikiranmu tentang mereka yang terbakar kemarahan dan kekecewaan terhadap sesuatu, bahkan yang paling terkenal karena kesuksesan, kemalangan, perbuatan jahat, atau prestasi istimewa apa pun. kemudian tanyakan pada dirimu sendiri, bagaimana hasilnya? asap dan debu, materi dongeng sederhana yang berusaha menjadi legenda""";
"jijik,""hiduplah dengan bijak: jika seseorang dapat menunjukkan kepadaku bahwa apa yang saya pikirkan atau lakukan tidak benar, saya akan dengan senang hati berubah, karena saya mencari kebenaran, yang tidak pernah merugikan siapa pun secara sungguh-sungguh. itu orang yang terus berada dalam penipuan diri dan ketidaktahuan yang merugikan — marcus aurelius""";
"takut,""hiduplah dengan bijak: bukan kematian yang seharusnya membuat seorang pria takut, tetapi dia seharusnya takut untuk tidak pernah mulai hidup — filsuf stoa.""";
"sedih,""marcus aurelius berkata: marcus aurelius mengingatkan: biarkanlah setiap hal yang akan kamu lakukan, katakan, atau niatkan, seperti milik seorang yang akan mati""";
"cape,""kamu memiliki kekuasaan atas pikiranmu - bukan atas kejadian di luar. sadarilah ini, dan kamu akan menemukan kekuatan. itulah nasihat marcus aurelius.""";
cape,marcus aurelius mengingatkan: lihatlah ke dalam dirimu; ada sumber kekuatan yang akan selalu muncul jika kamu terus melihat. demikian pesan sang filsuf.
cape,lihatlah ke dalam dirimu; ada sumber kekuatan yang akan selalu muncul jika kamu terus melihat — marcus aurelius — marcus aurelius
"sedih,""dalam meditations, marcus aurelius menulis: biarkanlah setiap hal yang akan kamu lakukan, katakan, atau niatkan, seperti milik seorang yang akan mati — marcus aurelius""";
"takut,""hiduplah dengan bijak: marcus aurelius berkata: bukan kematian yang seharusnya membuat seorang pria takut, tetapi dia seharusnya takut untuk tidak pernah mulai hidup""";
"marah,""kamu tidak boleh memberi keadaan kekuasaan untuk membangkitkan kemarahan, karena mereka sama sekali tidak peduli. itulah nasihat marcus aurelius.""";
"takut,""hiduplah dengan bijak: kata marcus aurelius: bukan kematian yang seharusnya membuat seorang pria takut, tetapi dia seharusnya takut untuk tidak pernah mulai hidup""";
"marah,""setiap kali seseorang melakukan kesalahan terhadapmu, segera pertimbangkan apa pemikiran tentang yang baik atau jahat yang mereka miliki dalam melakukannya. pesan marcus aurelius.. demikian pesan sang filsuf.""";
"cape,""seperti kata marcus aurelius: penting bagi anda untuk ingat bahwa perhatian yang anda berikan pada setiap tindakan harus sebanding dengan nilainya, karena itu tidak akan membuatmu lelah dan menyerah, jika kamu tidak sibuk dengan hal-hal yang lebih kecil daripada yang seharusnya diizinkan — marcus aurelius""";
"jijik,""kebaikan hati adalah tak terkalahkan, tetapi hanya jika itu tulus, tanpa kepura-puraan atau pemalsuan — marcus aurelius. demikian pesan sang filsuf""";
"takut,""bukan kematian yang seharusnya membuat seorang pria takut, tetapi dia seharusnya takut untuk tidak pernah mulai hidup. demikian pesan sang filsuf""";
"marah,""seberapa banyak waktu yang dia dapatkan yang tidak memandang kemarahan dan ketidaksenangan tentang sesuatu, karena itu sama sekali tidak peduli — marcus aurelius""";
"jijik,""jika seseorang dapat menunjukkan kepadaku bahwa apa yang saya pikirkan atau lakukan tidak benar, saya akan dengan senang hati berubah, karena saya mencari kebenaran, yang tidak pernah merugikan siapa pun secara sungguh-sungguh. pesan marcus aurelius""";
kaget,kata marcus aurelius: renungkan: takut akan perubahan? tetapi apa yang bisa ada tanpa itu? apa yang lebih dekat dengan hati alam? bisakah kamu mandi air panas dan meninggalkan kayu bakar seperti itu? makan makanan tanpa mengubahnya? dapatkah proses penting terjadi tanpa sesuatu yang berubah? tidak bisa kamu lihat? itu sama saja dengan kamu - dan sama pentingnya bagi alam;
"marah,""marcus aurelius mengingatkan: pertahankan daftar di hadapan pikiranmu tentang mereka yang terbakar kemarahan dan kekecewaan terhadap sesuatu, bahkan yang paling terkenal karena kesuksesan, kemalangan, perbuatan jahat, atau prestasi istimewa apa pun. kemudian tanyakan pada dirimu sendiri, bagaimana hasilnya? asap dan debu, materi dongeng sederhana yang berusaha menjadi legenda""";
"takut,""kata marcus aurelius: bukan kematian yang seharusnya membuat seorang pria takut, tetapi dia seharusnya takut untuk tidak pernah mulai hidup. itulah nasihat marcus aurelius""";
"takut,""kata-kata bijak marcus aurelius: bukan kematian yang seharusnya membuat seorang pria takut, tetapi dia seharusnya takut untuk tidak pernah mulai hidup — marcus aurelius, meditations""";
"netral,""kata marcus aurelius: pahami akhirnya bahwa kamu memiliki sesuatu di dalam dirimu yang lebih kuat dan ilahi daripada yang menyebabkan gairah tubuh dan menarikmu seperti boneka semata. pikiran apa sekarang yang menduduki pikiran saya? bukan kah takut, curiga, keinginan, atau sesuatu seperti itu""";
"sedih,""peringatan marcus aurelius: cobalah berdoa dengan cara yang berbeda, dan lihatlah apa yang terjadi: alih-alih meminta 'cara untuk tidur dengannya,' cobalah meminta 'cara untuk berhenti menginginkannya.' alih-alih 'cara untuk menghilangkan dia,' cobalah meminta 'cara untuk tidak merindukan kehancurannya.' alih-alih 'cara untuk tidak kehilangan anakku,' cobalah meminta 'cara untuk kehilangan ketakutan saya akan hal itu.'""";
"marah,""renungkan: setiap kali kamu akan menyalahkan seseorang, tanyakan pada dirimu sendiri pertanyaan berikut: kesalahan apakah yang paling mirip dengan apa yang akan saya kritik ini""";
"kaget,""kata marcus aurelius: peringatan marcus aurelius: seni hidup lebih mirip bergulat daripada menari, karena hidup yang berkelas memerlukan persiapan untuk menghadapi dan menahan serangan yang tiba-tiba dan tak terduga""";
"jijik,""marcus aurelius berkata: marcus aurelius berkata: kebaikan hati adalah tak terkalahkan, tetapi hanya jika itu tulus, tanpa kepura-puraan atau pemalsuan. apa yang dapat dilakukan orang jahat terhadapmu jika kamu terus menunjukkan kebaikan hati dan, jika diberi kesempatan, dengan lembut menunjukkan di mana mereka salah - tepat saat mereka mencoba menyakitimu""";
"jijik,""seperti kata marcus aurelius: kebaikan hati adalah tak terkalahkan, tetapi hanya jika itu tulus, tanpa kepura-puraan atau pemalsuan""";
"netral,""marcus aurelius berkata: tidak ada tindakan sembarangan, tidak ada yang tidak didasarkan pada prinsip-prinsip mendasar""";
"takut,""hiduplah dengan bijak: bukan kematian yang seharusnya membuat seorang pria takut, tetapi dia seharusnya takut untuk tidak pernah mulai hidup""";
"sedih,""biarkanlah setiap hal yang akan kamu lakukan, katakan, atau niatkan, seperti milik seorang yang akan mati. demikian pesan sang filsuf — marcus aurelius""";
senang,hidup singkat - buah dari hidup ini adalah karakter yang baik dan tindakan untuk kebaikan bersama — marcus aurelius;
"netral,""kata-kata bijak marcus aurelius: terimalah hal-hal yang tak bisa diubah takdirmu, dan cintailah orang-orang yang takdir bawa padamu, tapi lakukanlah dengan sepenuh hati — marcus aurelius, meditations""";
"takut,""hiduplah dengan bijak: bukan kematian yang seharusnya membuat seorang pria takut, tetapi dia seharusnya takut untuk tidak pernah mulai hidup — marcus aurelius""";
"marah,""marcus aurelius berkata: seberapa banyak waktu yang dia dapatkan yang tidak memandang kemarahan dan ketidaksenangan tentang sesuatu, karena itu sama sekali tidak peduli. demikian pesan sang filsuf.""";
"jijik,""dalam meditations, marcus aurelius menulis: kebaikan hati adalah tak terkalahkan, tetapi hanya jika itu tulus, tanpa kepura-puraan atau pemalsuan. apa yang dapat dilakukan orang jahat terhadapmu jika kamu terus menunjukkan kebaikan hati dan, jika diberi kesempatan, dengan lembut menunjukkan di mana mereka salah - tepat saat mereka mencoba menyakitimu — marcus aurelius""";
"marah,""kata-kata bijak marcus aurelius: pertahankan daftar di hadapan pikiranmu tentang mereka yang terbakar kemarahan dan kekecewaan terhadap sesuatu, bahkan yang paling terkenal karena kesuksesan, kemalangan, perbuatan jahat, atau prestasi istimewa apa pun. kemudian tanyakan pada dirimu sendiri, bagaimana hasilnya? asap dan debu, materi dongeng sederhana yang berusaha menjadi legenda""";
"jijik,""jika seseorang dapat menunjukkan kepadaku bahwa apa yang saya pikirkan atau lakukan tidak benar, saya akan dengan senang hati berubah, karena saya mencari kebenaran, yang tidak pernah merugikan siapa pun secara sungguh-sungguh. itu orang yang terus berada dalam penipuan diri dan ketidaktahuan yang merugikan — marcus aurelius — marcus aurelius""";
senang,kata marcus aurelius: jawaban terbaik terhadap kemarahan adalah diam;
"sedih,""marcus aurelius berkata: biarkanlah setiap hal yang akan kamu lakukan, katakan, atau niatkan, seperti milik seorang yang akan mati — filsuf stoa. — marcus aurelius, meditations""";
"cape,""peringatan marcus aurelius: [aku belajar] membaca dengan tekun";" tidak puas dengan pengetahuan yang ringan dan dangkal, dan tidak cepat setuju dengan hal-hal yang umum dibicarakan — marcus aurelius, meditations — marcus aurelius"""
cape,lihatlah ke dalam dirimu; ada sumber kekuatan yang akan selalu muncul jika kamu terus melihat sebuah pelajaran berharga.
"cape,""peringatan marcus aurelius: kamu memiliki kekuasaan atas pikiranmu - bukan atas kejadian di luar. sadarilah ini, dan kamu akan menemukan kekuatan. demikian pesan sang filsuf""";
"jijik,""peringatan marcus aurelius: jika seseorang dapat menunjukkan kepadaku bahwa apa yang saya pikirkan atau lakukan tidak benar, saya akan dengan senang hati berubah, karena saya mencari kebenaran, yang tidak pernah merugikan siapa pun secara sungguh-sungguh. itu orang yang terus berada dalam penipuan diri dan ketidaktahuan yang merugikan""";
"takut,""kata marcus aurelius: bukan kematian yang seharusnya membuat seorang pria takut, tetapi dia seharusnya takut untuk tidak pernah mulai hidup — marcus aurelius""";
"senang,""renungkan: lewati masa singkat ini dengan harmoni dengan alam, dan datanglah ke tempat peristirahatan terakhirmu dengan anggun, sama seperti zaitun yang matang bisa jatuh, memuji bumi yang memberinya makanan dan bersyukur kepada pohon yang memberinya pertumbuhan. demikian pesan sang filsuf.""";
"netral,""hiduplah dengan bijak: tidak ada alam yang lebih rendah dari seni, karena seni meniru alam""";
"cape,""kata marcus aurelius: kamu memiliki kekuasaan atas pikiranmu - bukan atas kejadian di luar. sadarilah ini, dan kamu akan menemukan kekuatan — marcus aurelius""";
"kaget,""seni hidup lebih mirip bergulat daripada menari, karena hidup yang berkelas memerlukan persiapan untuk menghadapi dan menahan serangan yang tiba-tiba dan tak terduga. demikian pesan sang filsuf — marcus aurelius""";
"sedih,""biarkanlah setiap hal yang akan kamu lakukan, katakan, atau niatkan, seperti milik seorang yang akan mati — marcus aurelius, meditations — marcus aurelius""";
netral,itu sama saja dengan kamu - dan sama pentingnya bagi alam. pesan marcus aurelius.. demikian pesan sang filsuf.;
"takut,""bukan kematian yang seharusnya membuat seorang pria takut, tetapi dia seharusnya takut untuk tidak pernah mulai hidup. demikian pesan sang filsuf.""";
kaget,marcus aurelius berkata: kata-kata bijak marcus aurelius: takut akan perubahan? tetapi apa yang bisa ada tanpa itu? apa yang lebih dekat dengan hati alam? bisakah kamu mandi air panas dan meninggalkan kayu bakar seperti itu? makan makanan tanpa mengubahnya? dapatkah proses penting terjadi tanpa sesuatu yang berubah? tidak bisa kamu lihat? itu sama saja dengan kamu - dan sama pentingnya bagi alam;
"cape,""[aku belajar] membaca dengan tekun";" tidak puas dengan pengetahuan yang ringan dan dangkal, dan tidak cepat setuju dengan hal-hal yang umum dibicarakan — marcus aurelius — marcus aurelius"""
"senang,""kata-kata bijak marcus aurelius: kebaikan hati adalah tak terkalahkan, tetapi hanya jika itu tulus, tanpa kepura-puraan atau pemalsuan. apa yang dapat dilakukan orang jahat terhadapmu jika kamu terus menunjukkan kebaikan hati dan, jika diberi kesempatan, dengan lembut menunjukkan di mana mereka salah - tepat saat mereka mencoba menyakitimu""";
"netral,""bisakah kamu mandi air panas dan meninggalkan kayu bakar seperti itu. pesan marcus aurelius. — marcus aurelius, meditations""";
"jijik,""marcus aurelius berkata: jika seseorang dapat menunjukkan kepadaku bahwa apa yang saya pikirkan atau lakukan tidak benar, saya akan dengan senang hati berubah, karena saya mencari kebenaran, yang tidak pernah merugikan siapa pun secara sungguh-sungguh""";
senang,marcus aurelius berkata: aturan pertama adalah menjaga semangat yang tenang;
"kaget,""dalam meditations, marcus aurelius menulis: seni hidup lebih mirip bergulat daripada menari, karena hidup yang berkelas memerlukan persiapan untuk menghadapi dan menahan serangan yang tiba-tiba dan tak terduga""";
"jijik,""marcus aurelius berkata: seperti kata marcus aurelius: jika seseorang dapat menunjukkan kepadaku bahwa apa yang saya pikirkan atau lakukan tidak benar, saya akan dengan senang hati berubah, karena saya mencari kebenaran, yang tidak pernah merugikan siapa pun secara sungguh-sungguh. itu orang yang terus berada dalam penipuan diri dan ketidaktahuan yang merugikan""";
"sedih,""pikirkanlah hidup yang telah kamu jalani sampai sekarang sebagai berakhir, dan sebagai seorang yang sudah mati, lihatlah apa yang masih tersisa sebagai bonus dan hiduplah sesuai dengan alam. pesan marcus aurelius""";
jijik,marcus aurelius berkata: itu orang yang terus berada dalam penipuan diri dan ketidaktahuan yang merugikan. demikian pesan sang filsuf — marcus aurelius;
"sedih,""pikirkanlah hidup yang telah kamu jalani sampai sekarang sebagai berakhir, dan sebagai seorang yang sudah mati, lihatlah apa yang masih tersisa sebagai bonus dan hiduplah sesuai dengan alam. cintailah tangan yang takdir berikan padamu dan mainkanlah seperti milikmu sendiri, karena apakah yang lebih cocok — filsuf stoa.""";
"takut,""kata marcus aurelius: marcus aurelius mengingatkan: bukan kematian yang seharusnya membuat seorang pria takut, tetapi dia seharusnya takut untuk tidak pernah mulai hidup — marcus aurelius, meditations""";
"marah,""kata-kata bijak marcus aurelius: seberapa banyak waktu yang dia dapatkan yang tidak memandang kemarahan dan ketidaksenangan tentang sesuatu, karena itu sama sekali tidak peduli — marcus aurelius, meditations""";
"takut,""marcus aurelius berkata: hiduplah dengan bijak: bukan kematian yang seharusnya membuat seorang pria takut, tetapi dia seharusnya takut untuk tidak pernah mulai hidup""";
"cape,""kamu memiliki kekuasaan atas pikiranmu - bukan atas kejadian di luar. sadarilah ini, dan kamu akan menemukan kekuatan — marcus aurelius — marcus aurelius""";
"senang,""semakin seseorang mendekati pikiran yang tenang, semakin dekat dia dengan kekuatan. demikian pesan sang filsuf.""";
kaget,kata-kata bijak marcus aurelius: takut akan perubahan? tetapi apa yang bisa ada tanpa itu? apa yang lebih dekat dengan hati alam? bisakah kamu mandi air panas dan meninggalkan kayu bakar seperti itu? makan makanan tanpa mengubahnya? dapatkah proses penting terjadi tanpa sesuatu yang berubah? tidak bisa kamu lihat? itu sama saja dengan kamu - dan sama pentingnya bagi alam. demikian pesan sang filsuf — marcus aurelius;
"kaget,""marcus aurelius mengingatkan: seni hidup lebih mirip bergulat daripada menari, karena hidup yang berkelas memerlukan persiapan untuk menghadapi dan menahan serangan yang tiba-tiba dan tak terduga — marcus aurelius, meditations — marcus aurelius""";
"marah,""marcus aurelius berkata: pertahankan daftar di hadapan pikiranmu tentang mereka yang terbakar kemarahan dan kekecewaan terhadap sesuatu, bahkan yang paling terkenal karena kesuksesan, kemalangan, perbuatan jahat, atau prestasi istimewa apa pun. kemudian tanyakan pada dirimu sendiri, bagaimana hasilnya? asap dan debu, materi dongeng sederhana yang berusaha menjadi legenda. demikian pesan sang filsuf.""";
"sedih,""marcus aurelius berkata: dalam meditations, marcus aurelius menulis: cobalah berdoa dengan cara yang berbeda, dan lihatlah apa yang terjadi: alih-alih meminta 'cara untuk tidur dengannya,' cobalah meminta 'cara untuk berhenti menginginkannya.' alih-alih 'cara untuk menghilangkan dia,' cobalah meminta 'cara untuk tidak merindukan kehancurannya.' alih-alih 'cara untuk tidak kehilangan anakku,' cobalah meminta 'cara untuk kehilangan ketakutan saya akan hal itu.'""";
"takut,""seperti kata marcus aurelius: bukan kematian yang seharusnya membuat seorang pria takut, tetapi dia seharusnya takut untuk tidak pernah mulai hidup sebuah pelajaran berharga""";
"cape,""peringatan marcus aurelius: kamu memiliki kekuasaan atas pikiranmu - bukan atas kejadian di luar. sadarilah ini, dan kamu akan menemukan kekuatan""";
netral,kedua adalah menghadapi hal-hal sebagaimana adanya dan mengenalinya untuk apa adanya;
"kaget,""hiduplah dengan bijak: seni hidup lebih mirip bergulat daripada menari, karena hidup yang berkelas memerlukan persiapan untuk menghadapi dan menahan serangan yang tiba-tiba dan tak terduga — marcus aurelius""";
"jijik,""kebaikan hati adalah tak terkalahkan, tetapi hanya jika itu tulus, tanpa kepura-puraan atau pemalsuan. apa yang dapat dilakukan orang jahat terhadapmu jika kamu terus menunjukkan kebaikan hati dan, jika diberi kesempatan, dengan lembut menunjukkan di mana mereka salah - tepat saat mereka mencoba menyakitimu. itulah nasihat marcus aurelius — marcus aurelius""";
"cape,""terimalah tanpa kesombongan, lepaskan tanpa perjuangan — filsuf stoa.. demikian pesan sang filsuf.""";
"jijik,""kebaikan hati adalah tak terkalahkan, tetapi hanya jika itu tulus, tanpa kepura-puraan atau pemalsuan. apa yang dapat dilakukan orang jahat terhadapmu jika kamu terus menunjukkan kebaikan hati dan, jika diberi kesempatan, dengan lembut menunjukkan di mana mereka salah - tepat saat mereka mencoba menyakitimu. itulah nasihat marcus aurelius.. demikian pesan sang filsuf.""";
"kaget,""kata marcus aurelius: kata-kata bijak marcus aurelius: takut akan perubahan? tetapi apa yang bisa ada tanpa itu? apa yang lebih dekat dengan hati alam? bisakah kamu mandi air panas dan meninggalkan kayu bakar seperti itu? makan makanan tanpa mengubahnya? dapatkah proses penting terjadi tanpa sesuatu yang berubah? tidak bisa kamu lihat? itu sama saja dengan kamu - dan sama pentingnya bagi alam — marcus aurelius, meditations""";
"netral,""marcus aurelius mengingatkan: biarkanlah orang melihat, biarkan mereka tahu, seorang pria sejati, yang hidup seperti yang seharusnya dia jalani""";
"cape,""kamu memiliki kekuasaan atas pikiranmu - bukan atas kejadian di luar. sadarilah ini, dan kamu akan menemukan kekuatan — filsuf stoa. — marcus aurelius, meditations""";
"kaget,""seni hidup lebih mirip bergulat daripada menari, karena hidup yang berkelas memerlukan persiapan untuk menghadapi dan menahan serangan yang tiba-tiba dan tak terduga sebuah pelajaran berharga. — marcus aurelius, meditations — marcus aurelius""";
"jijik,""kebaikan hati adalah tak terkalahkan, tetapi hanya jika itu tulus, tanpa kepura-puraan atau pemalsuan. pesan marcus aurelius.""";
"cape,""marcus aurelius berkata: [aku belajar] membaca dengan tekun";" tidak puas dengan pengetahuan yang ringan dan dangkal, dan tidak cepat setuju dengan hal-hal yang umum dibicarakan — marcus aurelius"""
"takut,""bukan kematian yang seharusnya membuat seorang pria takut, tetapi dia seharusnya takut untuk tidak pernah mulai hidup — filsuf stoa.""";
senang,kebahagiaan hidupmu bergantung pada kualitas pikiranmu — marcus aurelius;
"marah,""marcus aurelius berkata: pertahankan daftar di hadapan pikiranmu tentang mereka yang terbakar kemarahan dan kekecewaan terhadap sesuatu, bahkan yang paling terkenal karena kesuksesan, kemalangan, perbuatan jahat, atau prestasi istimewa apa pun""";
"netral,""seperti kata marcus aurelius: jika itu tidak benar, jangan lakukan";" jika itu tidak benar, jangan katakan"""
netral,kata marcus aurelius: mengapa memikirkan keberadaan sesuatu yang merepotkan;
"sedih,""marcus aurelius berkata: biarkanlah setiap hal yang akan kamu lakukan, katakan, atau niatkan, seperti milik seorang yang akan mati — marcus aurelius""";
"netral,""peringatan marcus aurelius: tanggung jawab kepemimpinan adalah bekerja dengan cerdas dengan apa yang diberikan, dan jangan membuang waktu memimpikan dunia orang-orang yang sempurna dan pilihan yang sempurna""";
"takut,""renungkan: marcus aurelius mengingatkan: bukan kematian yang seharusnya membuat seorang pria takut, tetapi dia seharusnya takut untuk tidak pernah mulai hidup""";
"kaget,""seni hidup lebih mirip bergulat daripada menari, karena hidup yang berkelas memerlukan persiapan untuk menghadapi dan menahan serangan yang tiba-tiba dan tak terduga — marcus aurelius, meditations — marcus aurelius""";
"takut,""seperti kata marcus aurelius: bukan kematian yang seharusnya membuat seorang pria takut, tetapi dia seharusnya takut untuk tidak pernah mulai hidup — marcus aurelius""";
"marah,""marcus aurelius berkata: pertahankan daftar di hadapan pikiranmu tentang mereka yang terbakar kemarahan dan kekecewaan terhadap sesuatu, bahkan yang paling terkenal karena kesuksesan, kemalangan, perbuatan jahat, atau prestasi istimewa apa pun. kemudian tanyakan pada dirimu sendiri, bagaimana hasilnya? asap dan debu, materi dongeng sederhana yang berusaha menjadi legenda — marcus aurelius, meditations""";
"senang,""renungkan: jangan bertindak seolah-olah kamu akan hidup sepuluh ribu tahun. kematian menggantung di atasmu. selama kamu hidup, selama itu dalam kekuasaanmu, berbuatlah baik""";
"takut,""bukan kematian yang seharusnya membuat seorang pria takut, tetapi dia seharusnya takut untuk tidak pernah mulai hidup — marcus aurelius, meditations — marcus aurelius""";
"jijik,""jika seseorang dapat menunjukkan kepadaku bahwa apa yang saya pikirkan atau lakukan tidak benar, saya akan dengan senang hati berubah, karena saya mencari kebenaran, yang tidak pernah merugikan siapa pun secara sungguh-sungguh. itu orang yang terus berada dalam penipuan diri dan ketidaktahuan yang merugikan — marcus aurelius, meditations""";
"jijik,""kata-kata bijak marcus aurelius: ini adalah tanda kesempurnaan karakter - menghabiskan setiap hari seolah-olah itu hari terakhirmu, tanpa kebingungan, kemalasan, atau pura-pura — marcus aurelius""";
"kaget,""kata-kata bijak marcus aurelius: seni hidup lebih mirip bergulat daripada menari, karena hidup yang berkelas memerlukan persiapan untuk menghadapi dan menahan serangan yang tiba-tiba dan tak terduga""";
"jijik,""marcus aurelius berkata: jika seseorang dapat menunjukkan kepadaku bahwa apa yang saya pikirkan atau lakukan tidak benar, saya akan dengan senang hati berubah, karena saya mencari kebenaran, yang tidak pernah merugikan siapa pun secara sungguh-sungguh. itu orang yang terus berada dalam penipuan diri dan ketidaktahuan yang merugikan — marcus aurelius""";
"takut,""marcus aurelius berkata: bukan kematian yang seharusnya membuat seorang pria takut, tetapi dia seharusnya takut untuk tidak pernah mulai hidup. pesan marcus aurelius""";
"sedih,""marcus aurelius berkata: jangan kembali ke filsafat sebagai pembimbing, tapi sebagai pasien mencari bantuan untuk mata yang sakit, atau perban untuk luka bakar, atau dari salep. dengan cara ini, kamu akan mematuhi alasan tanpa menampilkannya dan merasa nyaman dalam perawatannya. demikian pesan sang filsuf.""";
"takut,""renungkan: bukan kematian yang seharusnya membuat seorang pria takut, tetapi dia seharusnya takut untuk tidak pernah mulai hidup — marcus aurelius, meditations""";
senang,marcus aurelius mengingatkan: jawaban terbaik terhadap kemarahan adalah diam;
kaget,marcus aurelius berkata: takut akan perubahan;
kaget,marcus aurelius berkata: takut akan perubahan? tetapi apa yang bisa ada tanpa itu? apa yang lebih dekat dengan hati alam? bisakah kamu mandi air panas dan meninggalkan kayu bakar seperti itu? makan makanan tanpa mengubahnya? dapatkah proses penting terjadi tanpa sesuatu yang berubah? tidak bisa kamu lihat? itu sama saja dengan kamu - dan sama pentingnya bagi alam sebuah pelajaran berharga;
"kaget,""peringatan marcus aurelius: seni hidup lebih mirip bergulat daripada menari, karena hidup yang berkelas memerlukan persiapan untuk menghadapi dan menahan serangan yang tiba-tiba dan tak terduga. demikian pesan sang filsuf — marcus aurelius""";
"takut,""renungkan: kata marcus aurelius: bukan kematian yang seharusnya membuat seorang pria takut, tetapi dia seharusnya takut untuk tidak pernah mulai hidup""";
"netral,""marcus aurelius berkata: segala sesuatu yang kita dengar adalah opini, bukan fakta. segala sesuatu yang kita lihat adalah sudut pandang, bukan kebenaran""";
"netral,""tujuan hidup bukanlah menjadi pihak mayoritas, tapi melarikan diri dari diri sendiri dalam deretan orang gila sebuah pelajaran berharga.. demikian pesan sang filsuf.""";
"senang,""lewati masa singkat ini dengan harmoni dengan alam, dan datanglah ke tempat peristirahatan terakhirmu dengan anggun, sama seperti zaitun yang matang bisa jatuh, memuji bumi yang memberinya makanan dan bersyukur kepada pohon yang memberinya pertumbuhan — filsuf stoa. — marcus aurelius, meditations""";
"netral,""tidak ada alam yang lebih rendah dari seni, karena seni meniru alam. pesan marcus aurelius.. demikian pesan sang filsuf.""";
"jijik,""kebaikan hati adalah tak terkalahkan, tetapi hanya jika itu tulus, tanpa kepura-puraan atau pemalsuan""";
"sedih,""dalam meditations, marcus aurelius menulis: pikirkanlah hidup yang telah kamu jalani sampai sekarang sebagai berakhir, dan sebagai seorang yang sudah mati, lihatlah apa yang masih tersisa sebagai bonus dan hiduplah sesuai dengan alam. cintailah tangan yang takdir berikan padamu dan mainkanlah seperti milikmu sendiri, karena apakah yang lebih cocok. demikian pesan sang filsuf — marcus aurelius""";
netral,hiduplah dengan bijak: alam semesta adalah transformasi; hidup kita adalah apa yang pikiran kita ciptakan. demikian pesan sang filsuf.
"senang,""berikut adalah aturan untuk diingat di masa depan, ketika sesuatu merayu kamu untuk merasa pahit: bukan 'ini adalah kemalangan,' tetapi 'menanggung ini dengan baik adalah keberuntungan baik.' sebuah pelajaran berharga. — marcus aurelius, meditations""";
"marah,""seringkali ketidakadilan terletak pada apa yang tidak kamu lakukan, bukan hanya pada apa yang kamu lakukan sebuah pelajaran berharga. — marcus aurelius, meditations""";
"cape,""dalam meditations, marcus aurelius menulis: lihatlah ke dalam dirimu";" ada sumber kekuatan yang akan selalu muncul jika kamu terus melihat"""
"jijik,""kebaikan hati adalah tak terkalahkan, tetapi hanya jika itu tulus, tanpa kepura-puraan atau pemalsuan. apa yang dapat dilakukan orang jahat terhadapmu jika kamu terus menunjukkan kebaikan hati dan, jika diberi kesempatan, dengan lembut menunjukkan di mana mereka salah - tepat saat mereka mencoba menyakitimu — filsuf stoa — marcus aurelius""";
"kaget,""marcus aurelius berkata: kata-kata bijak marcus aurelius: seni hidup lebih mirip bergulat daripada menari, karena hidup yang berkelas memerlukan persiapan untuk menghadapi dan menahan serangan yang tiba-tiba dan tak terduga""";
cape,lihatlah ke dalam dirimu; ada sumber kekuatan yang akan selalu muncul jika kamu terus melihat — marcus aurelius
"jijik,""marcus aurelius berkata: kebaikan hati adalah tak terkalahkan, tetapi hanya jika itu tulus, tanpa kepura-puraan atau pemalsuan""";
senang,tetaplah tenang dan damai terlepas dari apa yang hidup hadirkan padamu. pesan marcus aurelius.;
"sedih,""marcus aurelius mengingatkan: biarkanlah setiap hal yang akan kamu lakukan, katakan, atau niatkan, seperti milik seorang yang akan mati — marcus aurelius""";
kaget,takut akan perubahan — marcus aurelius — marcus aurelius;
"netral,""hiduplah dengan bijak: aku belajar membaca dengan teliti dan tidak puas dengan pemahaman kasar tentang keseluruhan, dan tidak segera setuju dengan mereka yang banyak bicara tentang sesuatu""";
"marah,""kata marcus aurelius: setiap kali seseorang melakukan kesalahan terhadapmu, segera pertimbangkan apa pemikiran tentang yang baik atau jahat yang mereka miliki dalam melakukannya. karena ketika kamu melihat itu, kamu akan merasa kasihan, bukan heran atau marah""";
"cape,""marcus aurelius berkata: kamu memiliki kekuasaan atas pikiranmu - bukan atas kejadian di luar. sadarilah ini, dan kamu akan menemukan kekuatan""";
"takut,""kata-kata bijak marcus aurelius: kata-kata bijak marcus aurelius: bukan kematian yang seharusnya membuat seorang pria takut, tetapi dia seharusnya takut untuk tidak pernah mulai hidup""";
"jijik,""marcus aurelius berkata: jika seseorang dapat menunjukkan kepadaku bahwa apa yang saya pikirkan atau lakukan tidak benar, saya akan dengan senang hati berubah, karena saya mencari kebenaran, yang tidak pernah merugikan siapa pun secara sungguh-sungguh. demikian pesan sang filsuf.""";
"sedih,""dalam meditations, marcus aurelius menulis: pikirkanlah hidup yang telah kamu jalani sampai sekarang sebagai berakhir, dan sebagai seorang yang sudah mati, lihatlah apa yang masih tersisa sebagai bonus dan hiduplah sesuai dengan alam. cintailah tangan yang takdir berikan padamu dan mainkanlah seperti milikmu sendiri, karena apakah yang lebih cocok — marcus aurelius, meditations""";
netral,harga seorang pria tidak lebih besar dari nilai ambisinya;
"takut,""seperti kata marcus aurelius: bukan kematian yang seharusnya membuat seorang pria takut, tetapi dia seharusnya takut untuk tidak pernah mulai hidup — filsuf stoa""";
"takut,""bukan kematian yang seharusnya membuat seorang pria takut, tetapi dia seharusnya takut untuk tidak pernah mulai hidup — filsuf stoa — marcus aurelius""";
"marah,""seberapa banyak waktu yang dia dapatkan yang tidak memandang kemarahan dan ketidaksenangan tentang sesuatu, karena itu sama sekali tidak peduli. pesan marcus aurelius.. demikian pesan sang filsuf.""";
"sedih,""jangan kembali ke filsafat sebagai pembimbing, tapi sebagai pasien mencari bantuan untuk mata yang sakit, atau perban untuk luka bakar, atau dari salep. dengan cara ini, kamu akan mematuhi alasan tanpa menampilkannya dan merasa nyaman dalam perawatannya""";
"takut,""bukan kematian yang seharusnya membuat seorang pria takut, tetapi dia seharusnya takut untuk tidak pernah mulai hidup. pesan marcus aurelius""";
"kaget,""kata marcus aurelius: marcus aurelius mengingatkan: seni hidup lebih mirip bergulat daripada menari, karena hidup yang berkelas memerlukan persiapan untuk menghadapi dan menahan serangan yang tiba-tiba dan tak terduga — marcus aurelius, meditations""";
"jijik,""marcus aurelius mengingatkan: ini adalah tanda kesempurnaan karakter - menghabiskan setiap hari seolah-olah itu hari terakhirmu, tanpa kebingungan, kemalasan, atau pura-pura""";
"netral,""jangan biarkan masa depan mengganggumu — marcus aurelius — marcus aurelius, meditations""";
"jijik,""kebaikan hati adalah tak terkalahkan, tetapi hanya jika itu tulus, tanpa kepura-puraan atau pemalsuan. pesan marcus aurelius""";
marah,peringatan marcus aurelius: berapa banyak lebih berat akibat kemarahan dibandingkan penyebabnya;
"cape,""marcus aurelius berkata: penting bagi anda untuk ingat bahwa perhatian yang anda berikan pada setiap tindakan harus sebanding dengan nilainya, karena itu tidak akan membuatmu lelah dan menyerah, jika kamu tidak sibuk dengan hal-hal yang lebih kecil daripada yang seharusnya diizinkan""";
"cape,""kamu memiliki kekuasaan atas pikiranmu - bukan atas kejadian di luar. sadarilah ini, dan kamu akan menemukan kekuatan. demikian pesan sang filsuf.""";
jijik,marcus aurelius berkata: marcus aurelius berkata: itu orang yang terus berada dalam penipuan diri dan ketidaktahuan yang merugikan;
"sedih,""biarkanlah setiap hal yang akan kamu lakukan, katakan, atau niatkan, seperti milik seorang yang akan mati — marcus aurelius""";
"marah,""marcus aurelius berkata: seringkali ketidakadilan terletak pada apa yang tidak kamu lakukan, bukan hanya pada apa yang kamu lakukan""";
"marah,""marcus aurelius mengingatkan: pertahankan daftar di hadapan pikiranmu tentang mereka yang terbakar kemarahan dan kekecewaan terhadap sesuatu, bahkan yang paling terkenal karena kesuksesan, kemalangan, perbuatan jahat, atau prestasi istimewa apa pun. kemudian tanyakan pada dirimu sendiri, bagaimana hasilnya? asap dan debu, materi dongeng sederhana yang berusaha menjadi legenda — marcus aurelius, meditations""";
"jijik,""seperti kata marcus aurelius: jika seseorang dapat menunjukkan kepadaku bahwa apa yang saya pikirkan atau lakukan tidak benar, saya akan dengan senang hati berubah, karena saya mencari kebenaran, yang tidak pernah merugikan siapa pun secara sungguh-sungguh. itu orang yang terus berada dalam penipuan diri dan ketidaktahuan yang merugikan. demikian pesan sang filsuf""";
"takut,""dalam meditations, marcus aurelius menulis: bukan kematian yang seharusnya membuat seorang pria takut, tetapi dia seharusnya takut untuk tidak pernah mulai hidup — marcus aurelius""";
"jijik,""jika seseorang dapat menunjukkan kepadaku bahwa apa yang saya pikirkan atau lakukan tidak benar, saya akan dengan senang hati berubah, karena saya mencari kebenaran, yang tidak pernah merugikan siapa pun secara sungguh-sungguh. pesan marcus aurelius. — marcus aurelius, meditations""";
"takut,""kata marcus aurelius: seperti kata marcus aurelius: bukan kematian yang seharusnya membuat seorang pria takut, tetapi dia seharusnya takut untuk tidak pernah mulai hidup""";
cape,marcus aurelius mengingatkan: lihatlah ke dalam dirimu; ada sumber kekuatan yang akan selalu muncul jika kamu terus melihat
"sedih,""marcus aurelius berkata: pikirkanlah hidup yang telah kamu jalani sampai sekarang sebagai berakhir, dan sebagai seorang yang sudah mati, lihatlah apa yang masih tersisa sebagai bonus dan hiduplah sesuai dengan alam. pesan marcus aurelius. — marcus aurelius, meditations""";
netral,apa yang kita lakukan sekarang akan bergema dalam keabadian. pesan marcus aurelius.;
"takut,""kata marcus aurelius: peringatan marcus aurelius: bukan kematian yang seharusnya membuat seorang pria takut, tetapi dia seharusnya takut untuk tidak pernah mulai hidup""";
"senang,""jangan buang waktu lagi untuk bertengkar tentang seperti apa seharusnya seorang pria baik. jadilah satu — marcus aurelius — marcus aurelius, meditations""";
marah,kata marcus aurelius: berapa banyak lebih berat akibat kemarahan dibandingkan penyebabnya;
netral,kata marcus aurelius: biarkanlah saja;
"marah,""mulailah setiap hari dengan memberi tahu dirimu sendiri: hari ini saya akan bertemu dengan gangguan, ketidakberterimaan, ketidakadilan, kemauan buruk, dan egoisme - semuanya karena ketidaktahuan pelaku tentang apa yang baik atau jahat — marcus aurelius, meditations""";
"marah,""kamu tidak boleh memberi keadaan kekuasaan untuk membangkitkan kemarahan, karena mereka sama sekali tidak peduli — marcus aurelius""";
"netral,""peringatan marcus aurelius: harga seorang pria tidak lebih besar dari nilai ambisinya — marcus aurelius, meditations""";
"marah,""marcus aurelius berkata: setiap kali kamu akan menyalahkan seseorang, tanyakan pada dirimu sendiri pertanyaan berikut: kesalahan apakah yang paling mirip dengan apa yang akan saya kritik ini""";
netral,pikiran apa sekarang yang menduduki pikiran saya — marcus aurelius;
"jijik,""ini adalah tanda kesempurnaan karakter - menghabiskan setiap hari seolah-olah itu hari terakhirmu, tanpa kebingungan, kemalasan, atau pura-pura sebuah pelajaran berharga.. demikian pesan sang filsuf.""";
"cape,""dalam meditations, marcus aurelius menulis: penting bagi anda untuk ingat bahwa perhatian yang anda berikan pada setiap tindakan harus sebanding dengan nilainya, karena itu tidak akan membuatmu lelah dan menyerah, jika kamu tidak sibuk dengan hal-hal yang lebih kecil daripada yang seharusnya diizinkan. demikian pesan sang filsuf.""";
"jijik,""ini adalah tanda kesempurnaan karakter - menghabiskan setiap hari seolah-olah itu hari terakhirmu, tanpa kebingungan, kemalasan, atau pura-pura sebuah pelajaran berharga. — marcus aurelius, meditations — marcus aurelius""";
kaget,kata-kata bijak marcus aurelius: takut akan perubahan? tetapi apa yang bisa ada tanpa itu? apa yang lebih dekat dengan hati alam? bisakah kamu mandi air panas dan meninggalkan kayu bakar seperti itu? makan makanan tanpa mengubahnya? dapatkah proses penting terjadi tanpa sesuatu yang berubah? tidak bisa kamu lihat? itu sama saja dengan kamu - dan sama pentingnya bagi alam. demikian pesan sang filsuf;
"cape,""seperti kata marcus aurelius: terimalah tanpa kesombongan, lepaskan tanpa perjuangan""";
"cape,""marcus aurelius mengingatkan: [aku belajar] membaca dengan tekun";" tidak puas dengan pengetahuan yang ringan dan dangkal, dan tidak cepat setuju dengan hal-hal yang umum dibicarakan"""
"jijik,""jika seseorang dapat menunjukkan kepadaku bahwa apa yang saya pikirkan atau lakukan tidak benar, saya akan dengan senang hati berubah, karena saya mencari kebenaran, yang tidak pernah merugikan siapa pun secara sungguh-sungguh. pesan marcus aurelius — marcus aurelius""";
"cape,""hiduplah dengan bijak: penting bagi anda untuk ingat bahwa perhatian yang anda berikan pada setiap tindakan harus sebanding dengan nilainya, karena itu tidak akan membuatmu lelah dan menyerah, jika kamu tidak sibuk dengan hal-hal yang lebih kecil daripada yang seharusnya diizinkan — marcus aurelius, meditations""";
"netral,""kata marcus aurelius: lihatlah bintang-bintang, dan bayangkan dirimu berlari bersama mereka""";
"jijik,""kata marcus aurelius: ini adalah tanda kesempurnaan karakter - menghabiskan setiap hari seolah-olah itu hari terakhirmu, tanpa kebingungan, kemalasan, atau pura-pura — marcus aurelius, meditations""";
cape,lihatlah ke dalam dirimu; ada sumber kekuatan yang akan selalu muncul jika kamu terus melihat sebuah pelajaran berharga
"netral,""marcus aurelius mengingatkan: apa yang kita lakukan sekarang akan bergema dalam keabadian — marcus aurelius, meditations""";
"sedih,""kata-kata bijak marcus aurelius: jangan kembali ke filsafat sebagai pembimbing, tapi sebagai pasien mencari bantuan untuk mata yang sakit, atau perban untuk luka bakar, atau dari salep. dengan cara ini, kamu akan mematuhi alasan tanpa menampilkannya dan merasa nyaman dalam perawatannya""";
cape,renungkan: lihatlah ke dalam dirimu; ada sumber kekuatan yang akan selalu muncul jika kamu terus melihat
"takut,""bukan kematian yang seharusnya membuat seorang pria takut, tetapi dia seharusnya takut untuk tidak pernah mulai hidup. itulah nasihat marcus aurelius.""";
"netral,""dalam meditations, marcus aurelius menulis: kenangan tentang segala sesuatu segera terlupakan seiring waktu""";
"netral,""dalam meditations, marcus aurelius menulis: harga seorang pria tidak lebih besar dari nilai ambisinya""";
"cape,""kata-kata bijak marcus aurelius: kamu memiliki kekuasaan atas pikiranmu - bukan atas kejadian di luar. sadarilah ini, dan kamu akan menemukan kekuatan""";
senang,aturan pertama adalah menjaga semangat yang tenang. pesan marcus aurelius.;
kaget,marcus aurelius berkata: dapatkah proses penting terjadi tanpa sesuatu yang berubah. pesan marcus aurelius.;
netral,setiap organisme hidup mencapai kesempurnaan ketika mengikuti jalur yang benar untuk sifatnya sendiri sebuah pelajaran berharga.;
"netral,""hari-harimu dihitung. gunakanlah untuk membuka jendela-jendela jiwamu ke matahari. jika tidak, matahari akan segera terbenam, dan kamu bersamanya. itulah nasihat marcus aurelius.""";
netral,hari-harimu dihitung;
"netral,""dalam meditations, marcus aurelius menulis: hari-harimu dihitung. gunakanlah untuk membuka jendela-jendela jiwamu ke matahari. jika tidak, matahari akan segera terbenam, dan kamu bersamanya""";
"kaget,""marcus aurelius berkata: takut akan perubahan — marcus aurelius, meditations — marcus aurelius""";
"senang,""marcus aurelius mengingatkan: bukan tanda kejantanan untuk menjadi marah. sebaliknya, kelembutan dan kesopanan lebih manusiawi, dan oleh karena itu lebih jantan. semakin seseorang mendekati pikiran yang tenang, semakin dekat dia dengan kekuatan""";
"marah,""apa yang dapat dilakukan orang jahat terhadapmu jika kamu terus menunjukkan kebaikan hati dan, jika diberi kesempatan, dengan lembut menunjukkan di mana mereka salah - tepat saat mereka mencoba menyakitimu — marcus aurelius, meditations""";
"kaget,""takut akan perubahan? tetapi apa yang bisa ada tanpa itu? apa yang lebih dekat dengan hati alam? bisakah kamu mandi air panas dan meninggalkan kayu bakar seperti itu? makan makanan tanpa mengubahnya? dapatkah proses penting terjadi tanpa sesuatu yang berubah? tidak bisa kamu lihat? itu sama saja dengan kamu - dan sama pentingnya bagi alam — marcus aurelius, meditations""";
netral,mengapa memikirkan keberadaan sesuatu yang merepotkan — marcus aurelius;
senang,kata marcus aurelius: hidup singkat - buah dari hidup ini adalah karakter yang baik dan tindakan untuk kebaikan bersama;
netral,alam semesta adalah transformasi; hidup kita adalah apa yang pikiran kita ciptakan. itulah nasihat marcus aurelius.. demikian pesan sang filsuf.
"takut,""marcus aurelius mengingatkan: dalam meditations, marcus aurelius menulis: bukan kematian yang seharusnya membuat seorang pria takut, tetapi dia seharusnya takut untuk tidak pernah mulai hidup""";
"cape,""peringatan marcus aurelius: [aku belajar] membaca dengan tekun";" tidak puas dengan pengetahuan yang ringan dan dangkal, dan tidak cepat setuju dengan hal-hal yang umum dibicarakan — marcus aurelius, meditations"""
"sedih,""seperti kata marcus aurelius: pikirkanlah hidup yang telah kamu jalani sampai sekarang sebagai berakhir, dan sebagai seorang yang sudah mati, lihatlah apa yang masih tersisa sebagai bonus dan hiduplah sesuai dengan alam. cintailah tangan yang takdir berikan padamu dan mainkanlah seperti milikmu sendiri, karena apakah yang lebih cocok — marcus aurelius, meditations""";
"cape,""terimalah tanpa kesombongan, lepaskan tanpa perjuangan — filsuf stoa. — marcus aurelius, meditations""";
"marah,""setiap kali seseorang melakukan kesalahan terhadapmu, segera pertimbangkan apa pemikiran tentang yang baik atau jahat yang mereka miliki dalam melakukannya. karena ketika kamu melihat itu, kamu akan merasa kasihan, bukan heran atau marah sebuah pelajaran berharga.""";
"takut,""renungkan: dalam meditations, marcus aurelius menulis: bukan kematian yang seharusnya membuat seorang pria takut, tetapi dia seharusnya takut untuk tidak pernah mulai hidup""";
"cape,""renungkan: penting bagi anda untuk ingat bahwa perhatian yang anda berikan pada setiap tindakan harus sebanding dengan nilainya, karena itu tidak akan membuatmu lelah dan menyerah, jika kamu tidak sibuk dengan hal-hal yang lebih kecil daripada yang seharusnya diizinkan — marcus aurelius""";
"jijik,""hiduplah dengan bijak: jika seseorang dapat menunjukkan kepadaku bahwa apa yang saya pikirkan atau lakukan tidak benar, saya akan dengan senang hati berubah, karena saya mencari kebenaran, yang tidak pernah merugikan siapa pun secara sungguh-sungguh. itu orang yang terus berada dalam penipuan diri dan ketidaktahuan yang merugikan — marcus aurelius, meditations — marcus aurelius""";
marah,berapa banyak lebih berat akibat kemarahan dibandingkan penyebabnya. itulah nasihat marcus aurelius.;
"jijik,""marcus aurelius berkata: seperti kata marcus aurelius: jika seseorang dapat menunjukkan kepadaku bahwa apa yang saya pikirkan atau lakukan tidak benar, saya akan dengan senang hati berubah, karena saya mencari kebenaran, yang tidak pernah merugikan siapa pun secara sungguh-sungguh. itu orang yang terus berada dalam penipuan diri dan ketidaktahuan yang merugikan — marcus aurelius, meditations""";
kaget,marcus aurelius berkata: dapatkah proses penting terjadi tanpa sesuatu yang berubah — marcus aurelius;
"netral,""renungkan: kamu terbentuk dari tiga bagian - tubuh, nafas, dan pikiran. dari ketiganya, dua pertama adalah milikmu selama mereka berada di bawah perhatianmu. yang ketiga saja benar-benar milikmu. demikian pesan sang filsuf.""";
netral,kata-kata bijak marcus aurelius: pikiran yang terbebas dari gairah adalah benteng yang tidak dapat ditembus - seseorang tidak memiliki tempat perlindungan yang lebih aman selamanya. demikian pesan sang filsuf.;
"cape,""kata marcus aurelius: penting bagi anda untuk ingat bahwa perhatian yang anda berikan pada setiap tindakan harus sebanding dengan nilainya, karena itu tidak akan membuatmu lelah dan menyerah, jika kamu tidak sibuk dengan hal-hal yang lebih kecil daripada yang seharusnya diizinkan — marcus aurelius, meditations — marcus aurelius""";
"sedih,""cobalah berdoa dengan cara yang berbeda, dan lihatlah apa yang terjadi: alih-alih meminta 'cara untuk tidur dengannya,' cobalah meminta 'cara untuk berhenti menginginkannya.' alih-alih 'cara untuk menghilangkan dia,' cobalah meminta 'cara untuk tidak merindukan kehancurannya.' alih-alih 'cara untuk tidak kehilangan anakku,' cobalah meminta 'cara untuk kehilangan ketakutan saya akan hal itu.' sebuah pelajaran berharga.""";
"sedih,""jangan kembali ke filsafat sebagai pembimbing, tapi sebagai pasien mencari bantuan untuk mata yang sakit, atau perban untuk luka bakar, atau dari salep. dengan cara ini, kamu akan mematuhi alasan tanpa menampilkannya dan merasa nyaman dalam perawatannya — filsuf stoa. — marcus aurelius, meditations""";
"cape,""marcus aurelius berkata: penting bagi anda untuk ingat bahwa perhatian yang anda berikan pada setiap tindakan harus sebanding dengan nilainya, karena itu tidak akan membuatmu lelah dan menyerah, jika kamu tidak sibuk dengan hal-hal yang lebih kecil daripada yang seharusnya diizinkan — marcus aurelius""";
"netral,""marcus aurelius berkata: kamu terbentuk dari tiga bagian - tubuh, nafas, dan pikiran. dari ketiganya, dua pertama adalah milikmu selama mereka berada di bawah perhatianmu. yang ketiga saja benar-benar milikmu""";
"cape,""[aku belajar] membaca dengan tekun";" tidak puas dengan pengetahuan yang ringan dan dangkal, dan tidak cepat setuju dengan hal-hal yang umum dibicarakan — filsuf stoa."""
"marah,""seringkali ketidakadilan terletak pada apa yang tidak kamu lakukan, bukan hanya pada apa yang kamu lakukan. itulah nasihat marcus aurelius.""";
"cape,""renungkan: [aku belajar] membaca dengan tekun";" tidak puas dengan pengetahuan yang ringan dan dangkal, dan tidak cepat setuju dengan hal-hal yang umum dibicarakan — marcus aurelius"""
"jijik,""renungkan: ini adalah tanda kesempurnaan karakter - menghabiskan setiap hari seolah-olah itu hari terakhirmu, tanpa kebingungan, kemalasan, atau pura-pura""";
netral,kenangan tentang segala sesuatu segera terlupakan seiring waktu — marcus aurelius;
"cape,""penting bagi anda untuk ingat bahwa perhatian yang anda berikan pada setiap tindakan harus sebanding dengan nilainya, karena itu tidak akan membuatmu lelah dan menyerah, jika kamu tidak sibuk dengan hal-hal yang lebih kecil daripada yang seharusnya diizinkan sebuah pelajaran berharga.""";
"senang,""marcus aurelius berkata: berilah dirimu waktu untuk belajar sesuatu yang baik, dan berhentilah berkeliaran kesana-kemari — marcus aurelius, meditations""";
"kaget,""kata-kata bijak marcus aurelius: takut akan perubahan? tetapi apa yang bisa ada tanpa itu? apa yang lebih dekat dengan hati alam? bisakah kamu mandi air panas dan meninggalkan kayu bakar seperti itu? makan makanan tanpa mengubahnya? dapatkah proses penting terjadi tanpa sesuatu yang berubah? tidak bisa kamu lihat? itu sama saja dengan kamu - dan sama pentingnya bagi alam — marcus aurelius, meditations — marcus aurelius""";
"cape,""hiduplah dengan bijak: penting bagi anda untuk ingat bahwa perhatian yang anda berikan pada setiap tindakan harus sebanding dengan nilainya, karena itu tidak akan membuatmu lelah dan menyerah, jika kamu tidak sibuk dengan hal-hal yang lebih kecil daripada yang seharusnya diizinkan. demikian pesan sang filsuf.""";
"sedih,""hiduplah dengan bijak: cobalah berdoa dengan cara yang berbeda, dan lihatlah apa yang terjadi: alih-alih meminta 'cara untuk tidur dengannya,' cobalah meminta 'cara untuk berhenti menginginkannya.' alih-alih 'cara untuk menghilangkan dia,' cobalah meminta 'cara untuk tidak merindukan kehancurannya.' alih-alih 'cara untuk tidak kehilangan anakku,' cobalah meminta 'cara untuk kehilangan ketakutan saya akan hal itu.' — marcus aurelius, meditations""";
senang,marcus aurelius berkata: hidup bahagia memerlukan sedikit saja; semuanya ada di dalam dirimu dalam cara berpikirmu
netral,jangan malu untuk membutuhkan bantuan. pesan marcus aurelius.. demikian pesan sang filsuf.;
"sedih,""kata-kata bijak marcus aurelius: pikirkanlah hidup yang telah kamu jalani sampai sekarang sebagai berakhir, dan sebagai seorang yang sudah mati, lihatlah apa yang masih tersisa sebagai bonus dan hiduplah sesuai dengan alam. cintailah tangan yang takdir berikan padamu dan mainkanlah seperti milikmu sendiri, karena apakah yang lebih cocok""";
"cape,""kata marcus aurelius: penting bagi anda untuk ingat bahwa perhatian yang anda berikan pada setiap tindakan harus sebanding dengan nilainya, karena itu tidak akan membuatmu lelah dan menyerah, jika kamu tidak sibuk dengan hal-hal yang lebih kecil daripada yang seharusnya diizinkan. demikian pesan sang filsuf""";
"cape,""seperti kata marcus aurelius: penting bagi anda untuk ingat bahwa perhatian yang anda berikan pada setiap tindakan harus sebanding dengan nilainya, karena itu tidak akan membuatmu lelah dan menyerah, jika kamu tidak sibuk dengan hal-hal yang lebih kecil daripada yang seharusnya diizinkan. demikian pesan sang filsuf""";
"marah,""seringkali ketidakadilan terletak pada apa yang tidak kamu lakukan, bukan hanya pada apa yang kamu lakukan sebuah pelajaran berharga.""";
"cape,""dalam meditations, marcus aurelius menulis: penting bagi anda untuk ingat bahwa perhatian yang anda berikan pada setiap tindakan harus sebanding dengan nilainya, karena itu tidak akan membuatmu lelah dan menyerah, jika kamu tidak sibuk dengan hal-hal yang lebih kecil daripada yang seharusnya diizinkan. demikian pesan sang filsuf""";
"cape,""penting bagi anda untuk ingat bahwa perhatian yang anda berikan pada setiap tindakan harus sebanding dengan nilainya, karena itu tidak akan membuatmu lelah dan menyerah, jika kamu tidak sibuk dengan hal-hal yang lebih kecil daripada yang seharusnya diizinkan. itulah nasihat marcus aurelius.""";
senang,hidup bahagia memerlukan sedikit saja; semuanya ada di dalam dirimu dalam cara berpikirmu sebuah pelajaran berharga.
"cape,""seperti kata marcus aurelius: kamu memiliki kekuasaan atas pikiranmu - bukan atas kejadian di luar. sadarilah ini, dan kamu akan menemukan kekuatan""";
senang,kata-kata bijak marcus aurelius: jawaban terbaik terhadap kemarahan adalah diam;
"kaget,""seni hidup lebih mirip bergulat daripada menari, karena hidup yang berkelas memerlukan persiapan untuk menghadapi dan menahan serangan yang tiba-tiba dan tak terduga — marcus aurelius. pesan marcus aurelius.""";
"netral,""tanggung jawab kepemimpinan adalah bekerja dengan cerdas dengan apa yang diberikan, dan jangan membuang waktu memimpikan dunia orang-orang yang sempurna dan pilihan yang sempurna — filsuf stoa.""";
"kaget,""marcus aurelius berkata: dalam meditations, marcus aurelius menulis: seni hidup lebih mirip bergulat daripada menari, karena hidup yang berkelas memerlukan persiapan untuk menghadapi dan menahan serangan yang tiba-tiba dan tak terduga""";
cape,seperti kata marcus aurelius: lihatlah ke dalam dirimu; ada sumber kekuatan yang akan selalu muncul jika kamu terus melihat. demikian pesan sang filsuf
"jijik,""marcus aurelius berkata: kebaikan hati adalah tak terkalahkan, tetapi hanya jika itu tulus, tanpa kepura-puraan atau pemalsuan. apa yang dapat dilakukan orang jahat terhadapmu jika kamu terus menunjukkan kebaikan hati dan, jika diberi kesempatan, dengan lembut menunjukkan di mana mereka salah - tepat saat mereka mencoba menyakitimu""";
"jijik,""jika seseorang dapat menunjukkan kepadaku bahwa apa yang saya pikirkan atau lakukan tidak benar, saya akan dengan senang hati berubah, karena saya mencari kebenaran, yang tidak pernah merugikan siapa pun secara sungguh-sungguh. itu orang yang terus berada dalam penipuan diri dan ketidaktahuan yang merugikan — filsuf stoa — marcus aurelius""";
"kaget,""seni hidup lebih mirip bergulat daripada menari, karena hidup yang berkelas memerlukan persiapan untuk menghadapi dan menahan serangan yang tiba-tiba dan tak terduga. pesan marcus aurelius.""";
netral,hiduplah dengan bijak: kita hidup hanya sekarang. segalanya lainnya entah sudah berlalu atau belum diketahui. demikian pesan sang filsuf.;
"jijik,""kata-kata bijak marcus aurelius: jika seseorang dapat menunjukkan kepadaku bahwa apa yang saya pikirkan atau lakukan tidak benar, saya akan dengan senang hati berubah, karena saya mencari kebenaran, yang tidak pernah merugikan siapa pun secara sungguh-sungguh. itu orang yang terus berada dalam penipuan diri dan ketidaktahuan yang merugikan — marcus aurelius""";
"senang,""dalam meditations, marcus aurelius menulis: mencintai hanya apa yang terjadi, apa yang sudah ditentukan. tidak ada harmoni yang lebih besar — marcus aurelius, meditations""";
"cape,""marcus aurelius mengingatkan: penting bagi anda untuk ingat bahwa perhatian yang anda berikan pada setiap tindakan harus sebanding dengan nilainya, karena itu tidak akan membuatmu lelah dan menyerah, jika kamu tidak sibuk dengan hal-hal yang lebih kecil daripada yang seharusnya diizinkan""";
"netral,""tidak ada tindakan sembarangan, tidak ada yang tidak didasarkan pada prinsip-prinsip mendasar. itulah nasihat marcus aurelius.""";
"takut,""bukan kematian yang seharusnya membuat seorang pria takut, tetapi dia seharusnya takut untuk tidak pernah mulai hidup — marcus aurelius sebuah pelajaran berharga.""";
"marah,""pertahankan daftar di hadapan pikiranmu tentang mereka yang terbakar kemarahan dan kekecewaan terhadap sesuatu, bahkan yang paling terkenal karena kesuksesan, kemalangan, perbuatan jahat, atau prestasi istimewa apa pun. pesan marcus aurelius.. demikian pesan sang filsuf.""";
netral,selalu ada opsi untuk tidak memiliki pendapat. tidak pernah ada kebutuhan untuk terlalu terbawa-bawa atau meresahkan jiwamu tentang hal-hal yang tidak bisa kamu kendalikan. hal-hal ini tidak meminta untuk dinilai olehmu. biarkanlah saja. itulah nasihat marcus aurelius.;
"sedih,""marcus aurelius mengingatkan: pikirkanlah hidup yang telah kamu jalani sampai sekarang sebagai berakhir, dan sebagai seorang yang sudah mati, lihatlah apa yang masih tersisa sebagai bonus dan hiduplah sesuai dengan alam. cintailah tangan yang takdir berikan padamu dan mainkanlah seperti milikmu sendiri, karena apakah yang lebih cocok""";
kaget,marcus aurelius berkata: takut akan perubahan? tetapi apa yang bisa ada tanpa itu? apa yang lebih dekat dengan hati alam? bisakah kamu mandi air panas dan meninggalkan kayu bakar seperti itu? makan makanan tanpa mengubahnya? dapatkah proses penting terjadi tanpa sesuatu yang berubah? tidak bisa kamu lihat? itu sama saja dengan kamu - dan sama pentingnya bagi alam;
"cape,""dalam meditations, marcus aurelius menulis: [aku belajar] membaca dengan tekun";" tidak puas dengan pengetahuan yang ringan dan dangkal, dan tidak cepat setuju dengan hal-hal yang umum dibicarakan"""
"kaget,""kata marcus aurelius: seni hidup lebih mirip bergulat daripada menari, karena hidup yang berkelas memerlukan persiapan untuk menghadapi dan menahan serangan yang tiba-tiba dan tak terduga""";
"cape,""sadarilah ini, dan kamu akan menemukan kekuatan — marcus aurelius""";
"takut,""kata-kata bijak marcus aurelius: bukan kematian yang seharusnya membuat seorang pria takut, tetapi dia seharusnya takut untuk tidak pernah mulai hidup — marcus aurelius""";
"netral,""karena dalam kekuasaanmu untuk mundur ke dalam dirimu sendiri kapan saja kamu mau — filsuf stoa. — marcus aurelius, meditations""";
"takut,""marcus aurelius mengingatkan: bukan kematian yang seharusnya membuat seorang pria takut, tetapi dia seharusnya takut untuk tidak pernah mulai hidup — marcus aurelius""";
"jijik,""seperti kata marcus aurelius: kebaikan hati adalah tak terkalahkan, tetapi hanya jika itu tulus, tanpa kepura-puraan atau pemalsuan. apa yang dapat dilakukan orang jahat terhadapmu jika kamu terus menunjukkan kebaikan hati dan, jika diberi kesempatan, dengan lembut menunjukkan di mana mereka salah - tepat saat mereka mencoba menyakitimu — marcus aurelius""";
"senang,""kata marcus aurelius: jangan bertindak seolah-olah kamu akan hidup sepuluh ribu tahun. kematian menggantung di atasmu. selama kamu hidup, selama itu dalam kekuasaanmu, berbuatlah baik — marcus aurelius, meditations""";
"senang,""yang tidak baik untuk sarang, tidak baik untuk lebah""";
"senang,""seperti kata marcus aurelius: jangan bertindak seolah-olah kamu akan hidup sepuluh ribu tahun. kematian menggantung di atasmu. selama kamu hidup, selama itu dalam kekuasaanmu, berbuatlah baik""";
"netral,""kata marcus aurelius: asap dan debu, materi dongeng sederhana yang berusaha menjadi legenda — marcus aurelius, meditations""";
"marah,""marcus aurelius berkata: kamu tidak boleh memberi keadaan kekuasaan untuk membangkitkan kemarahan, karena mereka sama sekali tidak peduli""";
"marah,""setiap kali kamu akan menyalahkan seseorang, tanyakan pada dirimu sendiri pertanyaan berikut: kesalahan apakah yang paling mirip dengan apa yang akan saya kritik ini — marcus aurelius""";
"jijik,""kebaikan hati adalah tak terkalahkan, tetapi hanya jika itu tulus, tanpa kepura-puraan atau pemalsuan. apa yang dapat dilakukan orang jahat terhadapmu jika kamu terus menunjukkan kebaikan hati dan, jika diberi kesempatan, dengan lembut menunjukkan di mana mereka salah - tepat saat mereka mencoba menyakitimu — marcus aurelius — marcus aurelius""";
"jijik,""jika seseorang dapat menunjukkan kepadaku bahwa apa yang saya pikirkan atau lakukan tidak benar, saya akan dengan senang hati berubah, karena saya mencari kebenaran, yang tidak pernah merugikan siapa pun secara sungguh-sungguh. pesan marcus aurelius.""";
senang,tidak ada harmoni yang lebih besar. pesan marcus aurelius.;
"jijik,""marcus aurelius berkata: jika seseorang dapat menunjukkan kepadaku bahwa apa yang saya pikirkan atau lakukan tidak benar, saya akan dengan senang hati berubah, karena saya mencari kebenaran, yang tidak pernah merugikan siapa pun secara sungguh-sungguh — marcus aurelius, meditations""";
"jijik,""marcus aurelius berkata: kata marcus aurelius: ini adalah tanda kesempurnaan karakter - menghabiskan setiap hari seolah-olah itu hari terakhirmu, tanpa kebingungan, kemalasan, atau pura-pura — marcus aurelius, meditations""";
"takut,""bukan kematian yang seharusnya membuat seorang pria takut, tetapi dia seharusnya takut untuk tidak pernah mulai hidup — filsuf stoa — filsuf stoa.""";
"cape,""kamu memiliki kekuasaan atas pikiranmu - bukan atas kejadian di luar. sadarilah ini, dan kamu akan menemukan kekuatan — filsuf stoa""";
"senang,""lewati masa singkat ini dengan harmoni dengan alam, dan datanglah ke tempat peristirahatan terakhirmu dengan anggun, sama seperti zaitun yang matang bisa jatuh, memuji bumi yang memberinya makanan dan bersyukur kepada pohon yang memberinya pertumbuhan sebuah pelajaran berharga. — marcus aurelius, meditations""";
"marah,""dalam meditations, marcus aurelius menulis: mulailah setiap hari dengan memberi tahu dirimu sendiri: hari ini saya akan bertemu dengan gangguan, ketidakberterimaan, ketidakadilan, kemauan buruk, dan egoisme - semuanya karena ketidaktahuan pelaku tentang apa yang baik atau jahat""";
"jijik,""jika seseorang dapat menunjukkan kepadaku bahwa apa yang saya pikirkan atau lakukan tidak benar, saya akan dengan senang hati berubah, karena saya mencari kebenaran, yang tidak pernah merugikan siapa pun secara sungguh-sungguh. itu orang yang terus berada dalam penipuan diri dan ketidaktahuan yang merugikan""";
"senang,""mencintai hanya apa yang terjadi, apa yang sudah ditentukan. tidak ada harmoni yang lebih besar sebuah pelajaran berharga.""";
"sedih,""renungkan: jangan kembali ke filsafat sebagai pembimbing, tapi sebagai pasien mencari bantuan untuk mata yang sakit, atau perban untuk luka bakar, atau dari salep. dengan cara ini, kamu akan mematuhi alasan tanpa menampilkannya dan merasa nyaman dalam perawatannya — marcus aurelius""";
"cape,""kamu memiliki kekuasaan atas pikiranmu - bukan atas kejadian di luar. sadarilah ini, dan kamu akan menemukan kekuatan sebuah pelajaran berharga.""";
"cape,""seperti kata marcus aurelius: penting bagi anda untuk ingat bahwa perhatian yang anda berikan pada setiap tindakan harus sebanding dengan nilainya, karena itu tidak akan membuatmu lelah dan menyerah, jika kamu tidak sibuk dengan hal-hal yang lebih kecil daripada yang seharusnya diizinkan — marcus aurelius, meditations""";
netral,kata marcus aurelius: hal-hal ini tidak meminta untuk dinilai olehmu;
"cape,""terimalah tanpa kesombongan, lepaskan tanpa perjuangan — marcus aurelius""";
marah,marcus aurelius berkata: berapa banyak lebih berat akibat kemarahan dibandingkan penyebabnya;
"senang,""dalam meditations, marcus aurelius menulis: apa pun yang dilakukan atau dikatakan seseorang, bagi saya, saya terikat pada kebaikan. sama seperti zamrud atau emas atau ungu mungkin selalu mengumumkan: 'apa pun yang dilakukan atau dikatakan seseorang, saya harus menjadi diri saya sendiri dan menunjukkan warna sejatiku.'. demikian pesan sang filsuf.""";
kaget,takut akan perubahan? tetapi apa yang bisa ada tanpa itu? apa yang lebih dekat dengan hati alam? bisakah kamu mandi air panas dan meninggalkan kayu bakar seperti itu? makan makanan tanpa mengubahnya? dapatkah proses penting terjadi tanpa sesuatu yang berubah? tidak bisa kamu lihat? itu sama saja dengan kamu - dan sama pentingnya bagi alam — marcus aurelius;
kaget,dapatkah proses penting terjadi tanpa sesuatu yang berubah. demikian pesan sang filsuf.;
marah,berapa banyak lebih berat akibat kemarahan dibandingkan penyebabnya;
"marah,""renungkan: pertahankan daftar di hadapan pikiranmu tentang mereka yang terbakar kemarahan dan kekecewaan terhadap sesuatu, bahkan yang paling terkenal karena kesuksesan, kemalangan, perbuatan jahat, atau prestasi istimewa apa pun. kemudian tanyakan pada dirimu sendiri, bagaimana hasilnya? asap dan debu, materi dongeng sederhana yang berusaha menjadi legenda""";
"sedih,""jangan kembali ke filsafat sebagai pembimbing, tapi sebagai pasien mencari bantuan untuk mata yang sakit, atau perban untuk luka bakar, atau dari salep. dengan cara ini, kamu akan mematuhi alasan tanpa menampilkannya dan merasa nyaman dalam perawatannya. pesan marcus aurelius.""";
"senang,""yang tidak baik untuk sarang, tidak baik untuk lebah — marcus aurelius — marcus aurelius, meditations""";
"cape,""hiduplah dengan bijak: terimalah tanpa kesombongan, lepaskan tanpa perjuangan""";
senang,jawaban terbaik terhadap kemarahan adalah diam. itulah nasihat marcus aurelius.;
"takut,""seperti kata marcus aurelius: dalam meditations, marcus aurelius menulis: bukan kematian yang seharusnya membuat seorang pria takut, tetapi dia seharusnya takut untuk tidak pernah mulai hidup""";
"cape,""kata-kata bijak marcus aurelius: [aku belajar] membaca dengan tekun";" tidak puas dengan pengetahuan yang ringan dan dangkal, dan tidak cepat setuju dengan hal-hal yang umum dibicarakan"""
"cape,""sadarilah ini, dan kamu akan menemukan kekuatan""";
"netral,""cintailah tangan yang takdir berikan padamu dan mainkanlah seperti milikmu sendiri, karena apakah yang lebih cocok""";
cape,seperti kata marcus aurelius: lihatlah ke dalam dirimu; ada sumber kekuatan yang akan selalu muncul jika kamu terus melihat
"kaget,""marcus aurelius berkata: peringatan marcus aurelius: seni hidup lebih mirip bergulat daripada menari, karena hidup yang berkelas memerlukan persiapan untuk menghadapi dan menahan serangan yang tiba-tiba dan tak terduga""";
"sedih,""pikirkanlah hidup yang telah kamu jalani sampai sekarang sebagai berakhir, dan sebagai seorang yang sudah mati, lihatlah apa yang masih tersisa sebagai bonus dan hiduplah sesuai dengan alam. cintailah tangan yang takdir berikan padamu dan mainkanlah seperti milikmu sendiri, karena apakah yang lebih cocok — marcus aurelius""";
"marah,""mulailah setiap hari dengan memberi tahu dirimu sendiri: hari ini saya akan bertemu dengan gangguan, ketidakberterimaan, ketidakadilan, kemauan buruk, dan egoisme - semuanya karena ketidaktahuan pelaku tentang apa yang baik atau jahat — filsuf stoa. — marcus aurelius, meditations""";
"takut,""bukan kematian yang seharusnya membuat seorang pria takut, tetapi dia seharusnya takut untuk tidak pernah mulai hidup — marcus aurelius, meditations — filsuf stoa.""";
"sedih,""biarkanlah setiap hal yang akan kamu lakukan, katakan, atau niatkan, seperti milik seorang yang akan mati — filsuf stoa""";
kaget,takut akan perubahan? tetapi apa yang bisa ada tanpa itu? apa yang lebih dekat dengan hati alam? bisakah kamu mandi air panas dan meninggalkan kayu bakar seperti itu? makan makanan tanpa mengubahnya? dapatkah proses penting terjadi tanpa sesuatu yang berubah? tidak bisa kamu lihat? itu sama saja dengan kamu - dan sama pentingnya bagi alam — filsuf stoa.;
"marah,""setiap kali kamu akan menyalahkan seseorang, tanyakan pada dirimu sendiri pertanyaan berikut: kesalahan apakah yang paling mirip dengan apa yang akan saya kritik ini. pesan marcus aurelius.""";
"netral,""terimalah hal-hal yang tak bisa diubah takdirmu, dan cintailah orang-orang yang takdir bawa padamu, tapi lakukanlah dengan sepenuh hati. pesan marcus aurelius.""";
"marah,""kata-kata bijak marcus aurelius: hiduplah dengan kebenaran dan keadilan, toleran terhadap mereka yang tidak benar atau tidak adil. demikian pesan sang filsuf.""";
"netral,""seperti kata marcus aurelius: tanggung jawab kepemimpinan adalah bekerja dengan cerdas dengan apa yang diberikan, dan jangan membuang waktu memimpikan dunia orang-orang yang sempurna dan pilihan yang sempurna — marcus aurelius, meditations""";
"sedih,""pikirkanlah hidup yang telah kamu jalani sampai sekarang sebagai berakhir, dan sebagai seorang yang sudah mati, lihatlah apa yang masih tersisa sebagai bonus dan hiduplah sesuai dengan alam. cintailah tangan yang takdir berikan padamu dan mainkanlah seperti milikmu sendiri, karena apakah yang lebih cocok — filsuf stoa. — marcus aurelius, meditations""";
"sedih,""pikirkanlah hidup yang telah kamu jalani sampai sekarang sebagai berakhir, dan sebagai seorang yang sudah mati, lihatlah apa yang masih tersisa sebagai bonus dan hiduplah sesuai dengan alam. pesan marcus aurelius.""";
"takut,""marcus aurelius mengingatkan: bukan kematian yang seharusnya membuat seorang pria takut, tetapi dia seharusnya takut untuk tidak pernah mulai hidup — marcus aurelius, meditations. pesan marcus aurelius.""";
"sedih,""jangan kembali ke filsafat sebagai pembimbing, tapi sebagai pasien mencari bantuan untuk mata yang sakit, atau perban untuk luka bakar, atau dari salep. dengan cara ini, kamu akan mematuhi alasan tanpa menampilkannya dan merasa nyaman dalam perawatannya — filsuf stoa — marcus aurelius""";
"kaget,""hiduplah dengan bijak: seni hidup lebih mirip bergulat daripada menari, karena hidup yang berkelas memerlukan persiapan untuk menghadapi dan menahan serangan yang tiba-tiba dan tak terduga""";
senang,tidak ada harmoni yang lebih besar — marcus aurelius;
"sedih,""hiduplah dengan bijak: jangan kembali ke filsafat sebagai pembimbing, tapi sebagai pasien mencari bantuan untuk mata yang sakit, atau perban untuk luka bakar, atau dari salep. dengan cara ini, kamu akan mematuhi alasan tanpa menampilkannya dan merasa nyaman dalam perawatannya — marcus aurelius, meditations""";
"takut,""kata marcus aurelius: kata-kata bijak marcus aurelius: bukan kematian yang seharusnya membuat seorang pria takut, tetapi dia seharusnya takut untuk tidak pernah mulai hidup""";
"cape,""marcus aurelius mengingatkan: kamu memiliki kekuasaan atas pikiranmu - bukan atas kejadian di luar. sadarilah ini, dan kamu akan menemukan kekuatan""";
"marah,""hiduplah dengan bijak: hiduplah dengan kebenaran dan keadilan, toleran terhadap mereka yang tidak benar atau tidak adil. demikian pesan sang filsuf.""";
"sedih,""kata marcus aurelius: pikirkanlah hidup yang telah kamu jalani sampai sekarang sebagai berakhir, dan sebagai seorang yang sudah mati, lihatlah apa yang masih tersisa sebagai bonus dan hiduplah sesuai dengan alam""";
"marah,""renungkan: setiap kali seseorang melakukan kesalahan terhadapmu, segera pertimbangkan apa pemikiran tentang yang baik atau jahat yang mereka miliki dalam melakukannya. karena ketika kamu melihat itu, kamu akan merasa kasihan, bukan heran atau marah""";
senang,marcus aurelius berkata: renungkanlah keindahan hidup;
"netral,""tidak ada tindakan sembarangan, tidak ada yang tidak didasarkan pada prinsip-prinsip mendasar — marcus aurelius, meditations""";
"takut,""marcus aurelius mengingatkan: bukan kematian yang seharusnya membuat seorang pria takut, tetapi dia seharusnya takut untuk tidak pernah mulai hidup. itulah nasihat marcus aurelius""";
"sedih,""pikirkanlah hidup yang telah kamu jalani sampai sekarang sebagai berakhir, dan sebagai seorang yang sudah mati, lihatlah apa yang masih tersisa sebagai bonus dan hiduplah sesuai dengan alam. cintailah tangan yang takdir berikan padamu dan mainkanlah seperti milikmu sendiri, karena apakah yang lebih cocok — filsuf stoa.. demikian pesan sang filsuf — marcus aurelius""";
cape,lihatlah ke dalam dirimu; ada sumber kekuatan yang akan selalu muncul jika kamu terus melihat — filsuf stoa.
"jijik,""marcus aurelius berkata: hiduplah dengan bijak: jika seseorang dapat menunjukkan kepadaku bahwa apa yang saya pikirkan atau lakukan tidak benar, saya akan dengan senang hati berubah, karena saya mencari kebenaran, yang tidak pernah merugikan siapa pun secara sungguh-sungguh. itu orang yang terus berada dalam penipuan diri dan ketidaktahuan yang merugikan — marcus aurelius, meditations""";
netral,renungkan: selalu ada opsi untuk tidak memiliki pendapat. tidak pernah ada kebutuhan untuk terlalu terbawa-bawa atau meresahkan jiwamu tentang hal-hal yang tidak bisa kamu kendalikan. hal-hal ini tidak meminta untuk dinilai olehmu. biarkanlah saja;
"marah,""setiap kali kamu akan menyalahkan seseorang, tanyakan pada dirimu sendiri pertanyaan berikut: kesalahan apakah yang paling mirip dengan apa yang akan saya kritik ini. itulah nasihat marcus aurelius.""";
"senang,""berilah dirimu waktu untuk belajar sesuatu yang baik, dan berhentilah berkeliaran kesana-kemari — marcus aurelius. demikian pesan sang filsuf.""";
"jijik,""kata marcus aurelius: ini adalah tanda kesempurnaan karakter - menghabiskan setiap hari seolah-olah itu hari terakhirmu, tanpa kebingungan, kemalasan, atau pura-pura. demikian pesan sang filsuf.""";
"jijik,""seperti kata marcus aurelius: jika seseorang dapat menunjukkan kepadaku bahwa apa yang saya pikirkan atau lakukan tidak benar, saya akan dengan senang hati berubah, karena saya mencari kebenaran, yang tidak pernah merugikan siapa pun secara sungguh-sungguh. itu orang yang terus berada dalam penipuan diri dan ketidaktahuan yang merugikan""";
"cape,""hiduplah dengan bijak: penting bagi anda untuk ingat bahwa perhatian yang anda berikan pada setiap tindakan harus sebanding dengan nilainya, karena itu tidak akan membuatmu lelah dan menyerah, jika kamu tidak sibuk dengan hal-hal yang lebih kecil daripada yang seharusnya diizinkan — marcus aurelius""";
"takut,""kata-kata bijak marcus aurelius: hiduplah dengan bijak: bukan kematian yang seharusnya membuat seorang pria takut, tetapi dia seharusnya takut untuk tidak pernah mulai hidup""";
"jijik,""jika seseorang dapat menunjukkan kepadaku bahwa apa yang saya pikirkan atau lakukan tidak benar, saya akan dengan senang hati berubah, karena saya mencari kebenaran, yang tidak pernah merugikan siapa pun secara sungguh-sungguh. itu orang yang terus berada dalam penipuan diri dan ketidaktahuan yang merugikan. pesan marcus aurelius — marcus aurelius""";
"senang,""kata marcus aurelius: renungkanlah keindahan hidup — marcus aurelius, meditations""";
"cape,""kamu memiliki kekuasaan atas pikiranmu - bukan atas kejadian di luar. sadarilah ini, dan kamu akan menemukan kekuatan — marcus aurelius, meditations — marcus aurelius""";
"sedih,""cobalah berdoa dengan cara yang berbeda, dan lihatlah apa yang terjadi: alih-alih meminta 'cara untuk tidur dengannya,' cobalah meminta 'cara untuk berhenti menginginkannya.' alih-alih 'cara untuk menghilangkan dia,' cobalah meminta 'cara untuk tidak merindukan kehancurannya.' alih-alih 'cara untuk tidak kehilangan anakku,' cobalah meminta 'cara untuk kehilangan ketakutan saya akan hal itu.'. itulah nasihat marcus aurelius — marcus aurelius""";
"takut,""kata-kata bijak marcus aurelius: bukan kematian yang seharusnya membuat seorang pria takut, tetapi dia seharusnya takut untuk tidak pernah mulai hidup — filsuf stoa.""";
"jijik,""kata marcus aurelius: kebaikan hati adalah tak terkalahkan, tetapi hanya jika itu tulus, tanpa kepura-puraan atau pemalsuan""";
"takut,""bukan kematian yang seharusnya membuat seorang pria takut, tetapi dia seharusnya takut untuk tidak pernah mulai hidup — marcus aurelius, meditations. itulah nasihat marcus aurelius.""";
senang,kebahagiaan hidupmu bergantung pada kualitas pikiranmu. itulah nasihat marcus aurelius.. demikian pesan sang filsuf.;
"sedih,""marcus aurelius berkata: marcus aurelius berkata: biarkanlah setiap hal yang akan kamu lakukan, katakan, atau niatkan, seperti milik seorang yang akan mati""";
"cape,""kamu memiliki kekuasaan atas pikiranmu - bukan atas kejadian di luar. sadarilah ini, dan kamu akan menemukan kekuatan — filsuf stoa.""";
kaget,kata marcus aurelius: dapatkah proses penting terjadi tanpa sesuatu yang berubah;
senang,hidup bahagia memerlukan sedikit saja; semuanya ada di dalam dirimu dalam cara berpikirmu — marcus aurelius
"sedih,""kata marcus aurelius: biarkanlah setiap hal yang akan kamu lakukan, katakan, atau niatkan, seperti milik seorang yang akan mati. demikian pesan sang filsuf.""";
"marah,""kamu tidak boleh memberi keadaan kekuasaan untuk membangkitkan kemarahan, karena mereka sama sekali tidak peduli. itulah nasihat marcus aurelius.. demikian pesan sang filsuf.""";
"jijik,""kebaikan hati adalah tak terkalahkan, tetapi hanya jika itu tulus, tanpa kepura-puraan atau pemalsuan. apa yang dapat dilakukan orang jahat terhadapmu jika kamu terus menunjukkan kebaikan hati dan, jika diberi kesempatan, dengan lembut menunjukkan di mana mereka salah - tepat saat mereka mencoba menyakitimu — marcus aurelius""";
"netral,""pahami akhirnya bahwa kamu memiliki sesuatu di dalam dirimu yang lebih kuat dan ilahi daripada yang menyebabkan gairah tubuh dan menarikmu seperti boneka semata. pikiran apa sekarang yang menduduki pikiran saya? bukan kah takut, curiga, keinginan, atau sesuatu seperti itu — marcus aurelius""";
"kaget,""peringatan marcus aurelius: seni hidup lebih mirip bergulat daripada menari, karena hidup yang berkelas memerlukan persiapan untuk menghadapi dan menahan serangan yang tiba-tiba dan tak terduga. demikian pesan sang filsuf""";
"jijik,""kata marcus aurelius: kebaikan hati adalah tak terkalahkan, tetapi hanya jika itu tulus, tanpa kepura-puraan atau pemalsuan. apa yang dapat dilakukan orang jahat terhadapmu jika kamu terus menunjukkan kebaikan hati dan, jika diberi kesempatan, dengan lembut menunjukkan di mana mereka salah - tepat saat mereka mencoba menyakitimu — marcus aurelius""";
"takut,""bukan kematian yang seharusnya membuat seorang pria takut, tetapi dia seharusnya takut untuk tidak pernah mulai hidup sebuah pelajaran berharga""";
senang,aturan pertama adalah menjaga semangat yang tenang. kedua adalah menghadapi hal-hal sebagaimana adanya dan mengenalinya untuk apa adanya. itulah nasihat marcus aurelius.;
kaget,kata-kata bijak marcus aurelius: takut akan perubahan? tetapi apa yang bisa ada tanpa itu? apa yang lebih dekat dengan hati alam? bisakah kamu mandi air panas dan meninggalkan kayu bakar seperti itu? makan makanan tanpa mengubahnya? dapatkah proses penting terjadi tanpa sesuatu yang berubah? tidak bisa kamu lihat? itu sama saja dengan kamu - dan sama pentingnya bagi alam — marcus aurelius;
netral,setiap organisme hidup mencapai kesempurnaan ketika mengikuti jalur yang benar untuk sifatnya sendiri — filsuf stoa.. demikian pesan sang filsuf.;
"netral,""marcus aurelius mengingatkan: jika kamu tertekan oleh sesuatu yang eksternal, rasa sakitnya bukan karena hal itu sendiri, tetapi karena penilaianmu terhadapnya";" dan ini dapat kamu batalkan kapan saja. demikian pesan sang filsuf."""
"takut,""hiduplah dengan bijak: bukan kematian yang seharusnya membuat seorang pria takut, tetapi dia seharusnya takut untuk tidak pernah mulai hidup — marcus aurelius, meditations""";
"sedih,""marcus aurelius berkata: hiduplah dengan bijak: cobalah berdoa dengan cara yang berbeda, dan lihatlah apa yang terjadi: alih-alih meminta 'cara untuk tidur dengannya,' cobalah meminta 'cara untuk berhenti menginginkannya.' alih-alih 'cara untuk menghilangkan dia,' cobalah meminta 'cara untuk tidak merindukan kehancurannya.' alih-alih 'cara untuk tidak kehilangan anakku,' cobalah meminta 'cara untuk kehilangan ketakutan saya akan hal itu.'""";
"kaget,""marcus aurelius berkata: marcus aurelius berkata: seni hidup lebih mirip bergulat daripada menari, karena hidup yang berkelas memerlukan persiapan untuk menghadapi dan menahan serangan yang tiba-tiba dan tak terduga""";
marah,balas dendam terbaik adalah menjadi tidak seperti orang yang melakukan kejahatan. itulah nasihat marcus aurelius.;
"takut,""seperti kata marcus aurelius: bukan kematian yang seharusnya membuat seorang pria takut, tetapi dia seharusnya takut untuk tidak pernah mulai hidup. pesan marcus aurelius.""";
"takut,""kata marcus aurelius: kata marcus aurelius: bukan kematian yang seharusnya membuat seorang pria takut, tetapi dia seharusnya takut untuk tidak pernah mulai hidup""";
"cape,""renungkan: terimalah tanpa kesombongan, lepaskan tanpa perjuangan — marcus aurelius""";
kaget,takut akan perubahan? tetapi apa yang bisa ada tanpa itu? apa yang lebih dekat dengan hati alam? bisakah kamu mandi air panas dan meninggalkan kayu bakar seperti itu? makan makanan tanpa mengubahnya? dapatkah proses penting terjadi tanpa sesuatu yang berubah? tidak bisa kamu lihat? itu sama saja dengan kamu - dan sama pentingnya bagi alam. itulah nasihat marcus aurelius — marcus aurelius;
netral,hari-harimu dihitung — marcus aurelius;
"sedih,""dalam meditations, marcus aurelius menulis: pikirkanlah hidup yang telah kamu jalani sampai sekarang sebagai berakhir, dan sebagai seorang yang sudah mati, lihatlah apa yang masih tersisa sebagai bonus dan hiduplah sesuai dengan alam. cintailah tangan yang takdir berikan padamu dan mainkanlah seperti milikmu sendiri, karena apakah yang lebih cocok — marcus aurelius, meditations — marcus aurelius""";
"marah,""dalam meditations, marcus aurelius menulis: seringkali ketidakadilan terletak pada apa yang tidak kamu lakukan, bukan hanya pada apa yang kamu lakukan""";
"takut,""seperti kata marcus aurelius: kata marcus aurelius: bukan kematian yang seharusnya membuat seorang pria takut, tetapi dia seharusnya takut untuk tidak pernah mulai hidup""";
"netral,""jika itu tidak benar, jangan lakukan";" jika itu tidak benar, jangan katakan sebuah pelajaran berharga."""
"marah,""pertahankan daftar di hadapan pikiranmu tentang mereka yang terbakar kemarahan dan kekecewaan terhadap sesuatu, bahkan yang paling terkenal karena kesuksesan, kemalangan, perbuatan jahat, atau prestasi istimewa apa pun. pesan marcus aurelius. — marcus aurelius, meditations""";
"kaget,""seni hidup lebih mirip bergulat daripada menari, karena hidup yang berkelas memerlukan persiapan untuk menghadapi dan menahan serangan yang tiba-tiba dan tak terduga — marcus aurelius — marcus aurelius""";
"cape,""[aku belajar] membaca dengan tekun";" tidak puas dengan pengetahuan yang ringan dan dangkal, dan tidak cepat setuju dengan hal-hal yang umum dibicarakan sebuah pelajaran berharga"""
"takut,""marcus aurelius berkata: marcus aurelius berkata: bukan kematian yang seharusnya membuat seorang pria takut, tetapi dia seharusnya takut untuk tidak pernah mulai hidup""";
"marah,""kamu tidak boleh memberi keadaan kekuasaan untuk membangkitkan kemarahan, karena mereka sama sekali tidak peduli sebuah pelajaran berharga.""";
"takut,""seperti kata marcus aurelius: hiduplah dengan bijak: bukan kematian yang seharusnya membuat seorang pria takut, tetapi dia seharusnya takut untuk tidak pernah mulai hidup""";
"sedih,""pikirkanlah hidup yang telah kamu jalani sampai sekarang sebagai berakhir, dan sebagai seorang yang sudah mati, lihatlah apa yang masih tersisa sebagai bonus dan hiduplah sesuai dengan alam. cintailah tangan yang takdir berikan padamu dan mainkanlah seperti milikmu sendiri, karena apakah yang lebih cocok — filsuf stoa""";
"sedih,""pikirkanlah hidup yang telah kamu jalani sampai sekarang sebagai berakhir, dan sebagai seorang yang sudah mati, lihatlah apa yang masih tersisa sebagai bonus dan hiduplah sesuai dengan alam. pesan marcus aurelius — marcus aurelius""";
"sedih,""renungkan: jangan kembali ke filsafat sebagai pembimbing, tapi sebagai pasien mencari bantuan untuk mata yang sakit, atau perban untuk luka bakar, atau dari salep. dengan cara ini, kamu akan mematuhi alasan tanpa menampilkannya dan merasa nyaman dalam perawatannya""";
"takut,""dalam meditations, marcus aurelius menulis: bukan kematian yang seharusnya membuat seorang pria takut, tetapi dia seharusnya takut untuk tidak pernah mulai hidup. pesan marcus aurelius.""";
"cape,""dalam meditations, marcus aurelius menulis: penting bagi anda untuk ingat bahwa perhatian yang anda berikan pada setiap tindakan harus sebanding dengan nilainya, karena itu tidak akan membuatmu lelah dan menyerah, jika kamu tidak sibuk dengan hal-hal yang lebih kecil daripada yang seharusnya diizinkan""";
netral,kata-kata bijak marcus aurelius: kita hidup hanya sekarang. segalanya lainnya entah sudah berlalu atau belum diketahui;
"marah,""karena ketika kamu melihat itu, kamu akan merasa kasihan, bukan heran atau marah — marcus aurelius""";
"senang,""hiduplah dengan bijak: mencintai hanya apa yang terjadi, apa yang sudah ditentukan. tidak ada harmoni yang lebih besar""";
"jijik,""jika seseorang dapat menunjukkan kepadaku bahwa apa yang saya pikirkan atau lakukan tidak benar, saya akan dengan senang hati berubah, karena saya mencari kebenaran, yang tidak pernah merugikan siapa pun secara sungguh-sungguh. pesan marcus aurelius.. demikian pesan sang filsuf — marcus aurelius""";
"netral,""dalam meditations, marcus aurelius menulis: aku belajar membaca dengan teliti dan tidak puas dengan pemahaman kasar tentang keseluruhan, dan tidak segera setuju dengan mereka yang banyak bicara tentang sesuatu""";
"marah,""apa yang dapat dilakukan orang jahat terhadapmu jika kamu terus menunjukkan kebaikan hati dan, jika diberi kesempatan, dengan lembut menunjukkan di mana mereka salah - tepat saat mereka mencoba menyakitimu""";
"marah,""seberapa banyak waktu yang dia dapatkan yang tidak memandang kemarahan dan ketidaksenangan tentang sesuatu, karena itu sama sekali tidak peduli. pesan marcus aurelius. — marcus aurelius, meditations""";
"jijik,""marcus aurelius berkata: dalam meditations, marcus aurelius menulis: kebaikan hati adalah tak terkalahkan, tetapi hanya jika itu tulus, tanpa kepura-puraan atau pemalsuan. apa yang dapat dilakukan orang jahat terhadapmu jika kamu terus menunjukkan kebaikan hati dan, jika diberi kesempatan, dengan lembut menunjukkan di mana mereka salah - tepat saat mereka mencoba menyakitimu""";
"sedih,""seperti kata marcus aurelius: jangan kembali ke filsafat sebagai pembimbing, tapi sebagai pasien mencari bantuan untuk mata yang sakit, atau perban untuk luka bakar, atau dari salep. dengan cara ini, kamu akan mematuhi alasan tanpa menampilkannya dan merasa nyaman dalam perawatannya — marcus aurelius""";
netral,jiwa menjadi terwarnai oleh warna pikiranmu — filsuf stoa.;
"netral,""lihatlah bintang-bintang, dan bayangkan dirimu berlari bersama mereka. pesan marcus aurelius.""";
"senang,""kata-kata bijak marcus aurelius: jangan bertindak seolah-olah kamu akan hidup sepuluh ribu tahun. kematian menggantung di atasmu. selama kamu hidup, selama itu dalam kekuasaanmu, berbuatlah baik""";
"sedih,""pikirkanlah hidup yang telah kamu jalani sampai sekarang sebagai berakhir, dan sebagai seorang yang sudah mati, lihatlah apa yang masih tersisa sebagai bonus dan hiduplah sesuai dengan alam. pesan marcus aurelius.. demikian pesan sang filsuf — marcus aurelius""";
"jijik,""marcus aurelius mengingatkan: jika seseorang dapat menunjukkan kepadaku bahwa apa yang saya pikirkan atau lakukan tidak benar, saya akan dengan senang hati berubah, karena saya mencari kebenaran, yang tidak pernah merugikan siapa pun secara sungguh-sungguh. itu orang yang terus berada dalam penipuan diri dan ketidaktahuan yang merugikan""";
"sedih,""cobalah berdoa dengan cara yang berbeda, dan lihatlah apa yang terjadi: alih-alih meminta 'cara untuk tidur dengannya,' cobalah meminta 'cara untuk berhenti menginginkannya.' alih-alih 'cara untuk menghilangkan dia,' cobalah meminta 'cara untuk tidak merindukan kehancurannya.' alih-alih 'cara untuk tidak kehilangan anakku,' cobalah meminta 'cara untuk kehilangan ketakutan saya akan hal itu.' — marcus aurelius""";
senang,kata marcus aurelius: renungkanlah keindahan hidup;
"jijik,""jika seseorang dapat menunjukkan kepadaku bahwa apa yang saya pikirkan atau lakukan tidak benar, saya akan dengan senang hati berubah, karena saya mencari kebenaran, yang tidak pernah merugikan siapa pun secara sungguh-sungguh. itu orang yang terus berada dalam penipuan diri dan ketidaktahuan yang merugikan. pesan marcus aurelius""";
"senang,""gali dalam dirimu, karena ada sumber kebaikan yang selalu siap mengalir jika kamu terus menggali. pesan marcus aurelius.""";
"kaget,""seni hidup lebih mirip bergulat daripada menari, karena hidup yang berkelas memerlukan persiapan untuk menghadapi dan menahan serangan yang tiba-tiba dan tak terduga — filsuf stoa.. demikian pesan sang filsuf.""";
"cape,""seperti kata marcus aurelius: terimalah tanpa kesombongan, lepaskan tanpa perjuangan — marcus aurelius, meditations — marcus aurelius""";
kaget,marcus aurelius berkata: marcus aurelius berkata: takut akan perubahan;
senang,kata marcus aurelius: jangan buang waktu lagi untuk bertengkar tentang seperti apa seharusnya seorang pria baik. jadilah satu;
"jijik,""ini adalah tanda kesempurnaan karakter - menghabiskan setiap hari seolah-olah itu hari terakhirmu, tanpa kebingungan, kemalasan, atau pura-pura — marcus aurelius""";
"sedih,""marcus aurelius berkata: kata marcus aurelius: pikirkanlah hidup yang telah kamu jalani sampai sekarang sebagai berakhir, dan sebagai seorang yang sudah mati, lihatlah apa yang masih tersisa sebagai bonus dan hiduplah sesuai dengan alam""";
"takut,""marcus aurelius mengingatkan: bukan kematian yang seharusnya membuat seorang pria takut, tetapi dia seharusnya takut untuk tidak pernah mulai hidup. demikian pesan sang filsuf""";
kaget,kata-kata bijak marcus aurelius: takut akan perubahan? tetapi apa yang bisa ada tanpa itu? apa yang lebih dekat dengan hati alam? bisakah kamu mandi air panas dan meninggalkan kayu bakar seperti itu? makan makanan tanpa mengubahnya? dapatkah proses penting terjadi tanpa sesuatu yang berubah? tidak bisa kamu lihat? itu sama saja dengan kamu - dan sama pentingnya bagi alam. demikian pesan sang filsuf.;
"kaget,""marcus aurelius berkata: peringatan marcus aurelius: seni hidup lebih mirip bergulat daripada menari, karena hidup yang berkelas memerlukan persiapan untuk menghadapi dan menahan serangan yang tiba-tiba dan tak terduga — marcus aurelius, meditations""";
"senang,""kata-kata bijak marcus aurelius: jangan bertindak seolah-olah kamu akan hidup sepuluh ribu tahun. kematian menggantung di atasmu. selama kamu hidup, selama itu dalam kekuasaanmu, berbuatlah baik — marcus aurelius, meditations""";
jijik,itu orang yang terus berada dalam penipuan diri dan ketidaktahuan yang merugikan — marcus aurelius;
"sedih,""hiduplah dengan bijak: jangan kembali ke filsafat sebagai pembimbing, tapi sebagai pasien mencari bantuan untuk mata yang sakit, atau perban untuk luka bakar, atau dari salep. dengan cara ini, kamu akan mematuhi alasan tanpa menampilkannya dan merasa nyaman dalam perawatannya. demikian pesan sang filsuf.""";
"jijik,""kata-kata bijak marcus aurelius: jika seseorang dapat menunjukkan kepadaku bahwa apa yang saya pikirkan atau lakukan tidak benar, saya akan dengan senang hati berubah, karena saya mencari kebenaran, yang tidak pernah merugikan siapa pun secara sungguh-sungguh. itu orang yang terus berada dalam penipuan diri dan ketidaktahuan yang merugikan""";
"senang,""lewati masa singkat ini dengan harmoni dengan alam, dan datanglah ke tempat peristirahatan terakhirmu dengan anggun, sama seperti zaitun yang matang bisa jatuh, memuji bumi yang memberinya makanan dan bersyukur kepada pohon yang memberinya pertumbuhan — filsuf stoa.. demikian pesan sang filsuf.""";
senang,kata marcus aurelius: jangan buang waktu lagi untuk bertengkar tentang seperti apa seharusnya seorang pria baik. demikian pesan sang filsuf.;
"jijik,""seperti kata marcus aurelius: kebaikan hati adalah tak terkalahkan, tetapi hanya jika itu tulus, tanpa kepura-puraan atau pemalsuan. apa yang dapat dilakukan orang jahat terhadapmu jika kamu terus menunjukkan kebaikan hati dan, jika diberi kesempatan, dengan lembut menunjukkan di mana mereka salah - tepat saat mereka mencoba menyakitimu""";
"netral,""tanggung jawab kepemimpinan adalah bekerja dengan cerdas dengan apa yang diberikan, dan jangan membuang waktu memimpikan dunia orang-orang yang sempurna dan pilihan yang sempurna. pesan marcus aurelius.""";
"cape,""marcus aurelius mengingatkan: lihatlah ke dalam dirimu";" ada sumber kekuatan yang akan selalu muncul jika kamu terus melihat — marcus aurelius, meditations"""
cape,marcus aurelius mengingatkan: lihatlah ke dalam dirimu; ada sumber kekuatan yang akan selalu muncul jika kamu terus melihat. demikian pesan sang filsuf
netral,seperti kata marcus aurelius: jangan malu untuk membutuhkan bantuan. kamu memiliki tugas untuk dipenuhi seperti seorang prajurit di tembok pertempuran. jadi apa jika kamu terluka dan tidak bisa naik tanpa bantuan prajurit lain;
"sedih,""seperti kata marcus aurelius: biarkanlah setiap hal yang akan kamu lakukan, katakan, atau niatkan, seperti milik seorang yang akan mati""";
"takut,""bukan kematian yang seharusnya membuat seorang pria takut, tetapi dia seharusnya takut untuk tidak pernah mulai hidup sebuah pelajaran berharga. pesan marcus aurelius.""";
"marah,""apa yang dapat dilakukan orang jahat terhadapmu jika kamu terus menunjukkan kebaikan hati dan, jika diberi kesempatan, dengan lembut menunjukkan di mana mereka salah - tepat saat mereka mencoba menyakitimu — marcus aurelius""";
"senang,""lewati masa singkat ini dengan harmoni dengan alam, dan datanglah ke tempat peristirahatan terakhirmu dengan anggun, sama seperti zaitun yang matang bisa jatuh, memuji bumi yang memberinya makanan dan bersyukur kepada pohon yang memberinya pertumbuhan. pesan marcus aurelius. — marcus aurelius, meditations""";
"kaget,""kata marcus aurelius: kata marcus aurelius: seni hidup lebih mirip bergulat daripada menari, karena hidup yang berkelas memerlukan persiapan untuk menghadapi dan menahan serangan yang tiba-tiba dan tak terduga""";
"cape,""seperti kata marcus aurelius: penting bagi anda untuk ingat bahwa perhatian yang anda berikan pada setiap tindakan harus sebanding dengan nilainya, karena itu tidak akan membuatmu lelah dan menyerah, jika kamu tidak sibuk dengan hal-hal yang lebih kecil daripada yang seharusnya diizinkan""";
"cape,""renungkan: [aku belajar] membaca dengan tekun";" tidak puas dengan pengetahuan yang ringan dan dangkal, dan tidak cepat setuju dengan hal-hal yang umum dibicarakan. demikian pesan sang filsuf"""
"sedih,""marcus aurelius berkata: marcus aurelius berkata: jangan kembali ke filsafat sebagai pembimbing, tapi sebagai pasien mencari bantuan untuk mata yang sakit, atau perban untuk luka bakar, atau dari salep. dengan cara ini, kamu akan mematuhi alasan tanpa menampilkannya dan merasa nyaman dalam perawatannya""";
netral,kata marcus aurelius: jiwa menjadi terwarnai oleh warna pikiranmu;
"senang,""marcus aurelius berkata: teruslah memikirkan perubahan elemen satu sama lain, karena pemikiran seperti itu membersihkan debu kehidupan duniawi. demikian pesan sang filsuf.""";
"netral,""renungkan: tanggung jawab kepemimpinan adalah bekerja dengan cerdas dengan apa yang diberikan, dan jangan membuang waktu memimpikan dunia orang-orang yang sempurna dan pilihan yang sempurna""";
"kaget,""seni hidup lebih mirip bergulat daripada menari, karena hidup yang berkelas memerlukan persiapan untuk menghadapi dan menahan serangan yang tiba-tiba dan tak terduga. itulah nasihat marcus aurelius.""";
"jijik,""dalam meditations, marcus aurelius menulis: ini adalah tanda kesempurnaan karakter - menghabiskan setiap hari seolah-olah itu hari terakhirmu, tanpa kebingungan, kemalasan, atau pura-pura — marcus aurelius""";
kaget,dapatkah proses penting terjadi tanpa sesuatu yang berubah. pesan marcus aurelius — marcus aurelius;
"senang,""hiduplah dengan bijak: apa pun yang dilakukan atau dikatakan seseorang, bagi saya, saya terikat pada kebaikan. sama seperti zamrud atau emas atau ungu mungkin selalu mengumumkan: 'apa pun yang dilakukan atau dikatakan seseorang, saya harus menjadi diri saya sendiri dan menunjukkan warna sejatiku.'""";
"kaget,""marcus aurelius berkata: marcus aurelius mengingatkan: seni hidup lebih mirip bergulat daripada menari, karena hidup yang berkelas memerlukan persiapan untuk menghadapi dan menahan serangan yang tiba-tiba dan tak terduga — marcus aurelius, meditations""";
"takut,""dalam meditations, marcus aurelius menulis: bukan kematian yang seharusnya membuat seorang pria takut, tetapi dia seharusnya takut untuk tidak pernah mulai hidup""";
"jijik,""kata marcus aurelius: kebaikan hati adalah tak terkalahkan, tetapi hanya jika itu tulus, tanpa kepura-puraan atau pemalsuan — marcus aurelius""";
"takut,""renungkan: bukan kematian yang seharusnya membuat seorang pria takut, tetapi dia seharusnya takut untuk tidak pernah mulai hidup. pesan marcus aurelius.""";
"jijik,""kata marcus aurelius: jika seseorang dapat menunjukkan kepadaku bahwa apa yang saya pikirkan atau lakukan tidak benar, saya akan dengan senang hati berubah, karena saya mencari kebenaran, yang tidak pernah merugikan siapa pun secara sungguh-sungguh — marcus aurelius""";
"sedih,""peringatan marcus aurelius: jangan kembali ke filsafat sebagai pembimbing, tapi sebagai pasien mencari bantuan untuk mata yang sakit, atau perban untuk luka bakar, atau dari salep. dengan cara ini, kamu akan mematuhi alasan tanpa menampilkannya dan merasa nyaman dalam perawatannya""";
"netral,""jangan merasa terluka, dan kamu tidak akan terluka. pesan marcus aurelius.""";
"netral,""jiwa menjadi terwarnai oleh warna pikiranmu. pesan marcus aurelius. — marcus aurelius, meditations""";
"takut,""renungkan: bukan kematian yang seharusnya membuat seorang pria takut, tetapi dia seharusnya takut untuk tidak pernah mulai hidup. itulah nasihat marcus aurelius""";
kaget,marcus aurelius berkata: takut akan perubahan. pesan marcus aurelius;
"sedih,""seperti kata marcus aurelius: pikirkanlah hidup yang telah kamu jalani sampai sekarang sebagai berakhir, dan sebagai seorang yang sudah mati, lihatlah apa yang masih tersisa sebagai bonus dan hiduplah sesuai dengan alam. cintailah tangan yang takdir berikan padamu dan mainkanlah seperti milikmu sendiri, karena apakah yang lebih cocok — marcus aurelius""";
"marah,""setiap kali seseorang melakukan kesalahan terhadapmu, segera pertimbangkan apa pemikiran tentang yang baik atau jahat yang mereka miliki dalam melakukannya. karena ketika kamu melihat itu, kamu akan merasa kasihan, bukan heran atau marah. pesan marcus aurelius.""";
cape,kata marcus aurelius: lihatlah ke dalam dirimu; ada sumber kekuatan yang akan selalu muncul jika kamu terus melihat. demikian pesan sang filsuf
"cape,""hiduplah dengan bijak: penting bagi anda untuk ingat bahwa perhatian yang anda berikan pada setiap tindakan harus sebanding dengan nilainya, karena itu tidak akan membuatmu lelah dan menyerah, jika kamu tidak sibuk dengan hal-hal yang lebih kecil daripada yang seharusnya diizinkan""";
"marah,""kata marcus aurelius: pertahankan daftar di hadapan pikiranmu tentang mereka yang terbakar kemarahan dan kekecewaan terhadap sesuatu, bahkan yang paling terkenal karena kesuksesan, kemalangan, perbuatan jahat, atau prestasi istimewa apa pun""";
"cape,""kata-kata bijak marcus aurelius: penting bagi anda untuk ingat bahwa perhatian yang anda berikan pada setiap tindakan harus sebanding dengan nilainya, karena itu tidak akan membuatmu lelah dan menyerah, jika kamu tidak sibuk dengan hal-hal yang lebih kecil daripada yang seharusnya diizinkan""";
"takut,""seperti kata marcus aurelius: marcus aurelius berkata: bukan kematian yang seharusnya membuat seorang pria takut, tetapi dia seharusnya takut untuk tidak pernah mulai hidup""";
"netral,""marcus aurelius berkata: pilihlah untuk tidak terluka, dan kamu tidak akan merasakannya. jangan merasa terluka, dan kamu tidak akan terluka""";
"sedih,""renungkan: jangan kembali ke filsafat sebagai pembimbing, tapi sebagai pasien mencari bantuan untuk mata yang sakit, atau perban untuk luka bakar, atau dari salep. dengan cara ini, kamu akan mematuhi alasan tanpa menampilkannya dan merasa nyaman dalam perawatannya — marcus aurelius, meditations""";
"sedih,""renungkan: biarkanlah setiap hal yang akan kamu lakukan, katakan, atau niatkan, seperti milik seorang yang akan mati""";
"takut,""kata marcus aurelius: marcus aurelius mengingatkan: bukan kematian yang seharusnya membuat seorang pria takut, tetapi dia seharusnya takut untuk tidak pernah mulai hidup. demikian pesan sang filsuf""";
kaget,renungkan: dapatkah proses penting terjadi tanpa sesuatu yang berubah;
"jijik,""marcus aurelius mengingatkan: kebaikan hati adalah tak terkalahkan, tetapi hanya jika itu tulus, tanpa kepura-puraan atau pemalsuan. apa yang dapat dilakukan orang jahat terhadapmu jika kamu terus menunjukkan kebaikan hati dan, jika diberi kesempatan, dengan lembut menunjukkan di mana mereka salah - tepat saat mereka mencoba menyakitimu — marcus aurelius""";
"cape,""[aku belajar] membaca dengan tekun";" tidak puas dengan pengetahuan yang ringan dan dangkal, dan tidak cepat setuju dengan hal-hal yang umum dibicarakan. pesan marcus aurelius."""
"sedih,""kata marcus aurelius: pikirkanlah hidup yang telah kamu jalani sampai sekarang sebagai berakhir, dan sebagai seorang yang sudah mati, lihatlah apa yang masih tersisa sebagai bonus dan hiduplah sesuai dengan alam. cintailah tangan yang takdir berikan padamu dan mainkanlah seperti milikmu sendiri, karena apakah yang lebih cocok""";
"takut,""marcus aurelius berkata: marcus aurelius mengingatkan: bukan kematian yang seharusnya membuat seorang pria takut, tetapi dia seharusnya takut untuk tidak pernah mulai hidup — marcus aurelius, meditations""";
netral,kata marcus aurelius: mengapa memikirkan keberadaan sesuatu yang merepotkan. demikian pesan sang filsuf.;
cape,lihatlah ke dalam dirimu; ada sumber kekuatan yang akan selalu muncul jika kamu terus melihat — filsuf stoa
"netral,""hiduplah dengan bijak: tanggung jawab kepemimpinan adalah bekerja dengan cerdas dengan apa yang diberikan, dan jangan membuang waktu memimpikan dunia orang-orang yang sempurna dan pilihan yang sempurna""";
"kaget,""dalam meditations, marcus aurelius menulis: takut akan perubahan? tetapi apa yang bisa ada tanpa itu? apa yang lebih dekat dengan hati alam? bisakah kamu mandi air panas dan meninggalkan kayu bakar seperti itu? makan makanan tanpa mengubahnya? dapatkah proses penting terjadi tanpa sesuatu yang berubah? tidak bisa kamu lihat? itu sama saja dengan kamu - dan sama pentingnya bagi alam — marcus aurelius""";
netral,tidak bisa kamu lihat. pesan marcus aurelius.;
"sedih,""biarkanlah setiap hal yang akan kamu lakukan, katakan, atau niatkan, seperti milik seorang yang akan mati. demikian pesan sang filsuf.""";
kaget,dapatkah proses penting terjadi tanpa sesuatu yang berubah. demikian pesan sang filsuf;
"marah,""kata-kata bijak marcus aurelius: seberapa banyak waktu yang dia dapatkan yang tidak memandang kemarahan dan ketidaksenangan tentang sesuatu, karena itu sama sekali tidak peduli""";
marah,hiduplah dengan bijak: berapa banyak lebih berat akibat kemarahan dibandingkan penyebabnya;
"jijik,""kebaikan hati adalah tak terkalahkan, tetapi hanya jika itu tulus, tanpa kepura-puraan atau pemalsuan — marcus aurelius""";
"marah,""marcus aurelius berkata: setiap kali seseorang melakukan kesalahan terhadapmu, segera pertimbangkan apa pemikiran tentang yang baik atau jahat yang mereka miliki dalam melakukannya""";
"sedih,""biarkanlah setiap hal yang akan kamu lakukan, katakan, atau niatkan, seperti milik seorang yang akan mati — filsuf stoa. — marcus aurelius, meditations — marcus aurelius""";
"senang,""berikut adalah aturan untuk diingat di masa depan, ketika sesuatu merayu kamu untuk merasa pahit: bukan 'ini adalah kemalangan,' tetapi 'menanggung ini dengan baik adalah keberuntungan baik.' sebuah pelajaran berharga.. demikian pesan sang filsuf.""";
"netral,""kata-kata bijak marcus aurelius: tidak ada tindakan sembarangan, tidak ada yang tidak didasarkan pada prinsip-prinsip mendasar""";
"cape,""hiduplah dengan bijak: terimalah tanpa kesombongan, lepaskan tanpa perjuangan — marcus aurelius""";
"kaget,""marcus aurelius berkata: marcus aurelius mengingatkan: seni hidup lebih mirip bergulat daripada menari, karena hidup yang berkelas memerlukan persiapan untuk menghadapi dan menahan serangan yang tiba-tiba dan tak terduga. demikian pesan sang filsuf""";
netral,renungkan: jangan malu untuk membutuhkan bantuan. kamu memiliki tugas untuk dipenuhi seperti seorang prajurit di tembok pertempuran. jadi apa jika kamu terluka dan tidak bisa naik tanpa bantuan prajurit lain. demikian pesan sang filsuf.;
"netral,""tanggung jawab kepemimpinan adalah bekerja dengan cerdas dengan apa yang diberikan, dan jangan membuang waktu memimpikan dunia orang-orang yang sempurna dan pilihan yang sempurna sebuah pelajaran berharga.""";
"sedih,""biarkanlah setiap hal yang akan kamu lakukan, katakan, atau niatkan, seperti milik seorang yang akan mati""";
"sedih,""peringatan marcus aurelius: biarkanlah setiap hal yang akan kamu lakukan, katakan, atau niatkan, seperti milik seorang yang akan mati""";
netral,yang ketiga saja benar-benar milikmu. pesan marcus aurelius.;
"senang,""mencintai hanya apa yang terjadi, apa yang sudah ditentukan — marcus aurelius — marcus aurelius, meditations""";
netral,jiwa menjadi terwarnai oleh warna pikiranmu sebuah pelajaran berharga.;
"marah,""kamu tidak boleh memberi keadaan kekuasaan untuk membangkitkan kemarahan, karena mereka sama sekali tidak peduli. itulah nasihat marcus aurelius. — marcus aurelius, meditations""";
"marah,""karena ketika kamu melihat itu, kamu akan merasa kasihan, bukan heran atau marah. pesan marcus aurelius.""";
kaget,marcus aurelius berkata: takut akan perubahan. demikian pesan sang filsuf.;
"jijik,""kata marcus aurelius: kebaikan hati adalah tak terkalahkan, tetapi hanya jika itu tulus, tanpa kepura-puraan atau pemalsuan. apa yang dapat dilakukan orang jahat terhadapmu jika kamu terus menunjukkan kebaikan hati dan, jika diberi kesempatan, dengan lembut menunjukkan di mana mereka salah - tepat saat mereka mencoba menyakitimu""";
"cape,""kata marcus aurelius: penting bagi anda untuk ingat bahwa perhatian yang anda berikan pada setiap tindakan harus sebanding dengan nilainya, karena itu tidak akan membuatmu lelah dan menyerah, jika kamu tidak sibuk dengan hal-hal yang lebih kecil daripada yang seharusnya diizinkan — marcus aurelius, meditations""";
"kaget,""seni hidup lebih mirip bergulat daripada menari, karena hidup yang berkelas memerlukan persiapan untuk menghadapi dan menahan serangan yang tiba-tiba dan tak terduga — filsuf stoa. — marcus aurelius, meditations""";
"jijik,""marcus aurelius berkata: marcus aurelius mengingatkan: jika seseorang dapat menunjukkan kepadaku bahwa apa yang saya pikirkan atau lakukan tidak benar, saya akan dengan senang hati berubah, karena saya mencari kebenaran, yang tidak pernah merugikan siapa pun secara sungguh-sungguh. itu orang yang terus berada dalam penipuan diri dan ketidaktahuan yang merugikan""";
"cape,""kata marcus aurelius: sadarilah ini, dan kamu akan menemukan kekuatan — marcus aurelius""";
"sedih,""dalam meditations, marcus aurelius menulis: biarkanlah setiap hal yang akan kamu lakukan, katakan, atau niatkan, seperti milik seorang yang akan mati""";
senang,jangan buang waktu lagi untuk bertengkar tentang seperti apa seharusnya seorang pria baik — marcus aurelius;
"sedih,""marcus aurelius berkata: seperti kata marcus aurelius: jangan kembali ke filsafat sebagai pembimbing, tapi sebagai pasien mencari bantuan untuk mata yang sakit, atau perban untuk luka bakar, atau dari salep. dengan cara ini, kamu akan mematuhi alasan tanpa menampilkannya dan merasa nyaman dalam perawatannya""";
"sedih,""marcus aurelius berkata: dalam meditations, marcus aurelius menulis: jangan kembali ke filsafat sebagai pembimbing, tapi sebagai pasien mencari bantuan untuk mata yang sakit, atau perban untuk luka bakar, atau dari salep. dengan cara ini, kamu akan mematuhi alasan tanpa menampilkannya dan merasa nyaman dalam perawatannya""";
"kaget,""marcus aurelius berkata: peringatan marcus aurelius: seni hidup lebih mirip bergulat daripada menari, karena hidup yang berkelas memerlukan persiapan untuk menghadapi dan menahan serangan yang tiba-tiba dan tak terduga. demikian pesan sang filsuf""";
"cape,""terimalah tanpa kesombongan, lepaskan tanpa perjuangan""";
"netral,""peringatan marcus aurelius: pahami akhirnya bahwa kamu memiliki sesuatu di dalam dirimu yang lebih kuat dan ilahi daripada yang menyebabkan gairah tubuh dan menarikmu seperti boneka semata. pikiran apa sekarang yang menduduki pikiran saya? bukan kah takut, curiga, keinginan, atau sesuatu seperti itu — marcus aurelius, meditations""";
"sedih,""kata marcus aurelius: pikirkanlah hidup yang telah kamu jalani sampai sekarang sebagai berakhir, dan sebagai seorang yang sudah mati, lihatlah apa yang masih tersisa sebagai bonus dan hiduplah sesuai dengan alam — marcus aurelius""";
"takut,""renungkan: bukan kematian yang seharusnya membuat seorang pria takut, tetapi dia seharusnya takut untuk tidak pernah mulai hidup. pesan marcus aurelius""";
"jijik,""jika seseorang dapat menunjukkan kepadaku bahwa apa yang saya pikirkan atau lakukan tidak benar, saya akan dengan senang hati berubah, karena saya mencari kebenaran, yang tidak pernah merugikan siapa pun secara sungguh-sungguh. itu orang yang terus berada dalam penipuan diri dan ketidaktahuan yang merugikan. itulah nasihat marcus aurelius""";
"cape,""renungkan: [aku belajar] membaca dengan tekun";" tidak puas dengan pengetahuan yang ringan dan dangkal, dan tidak cepat setuju dengan hal-hal yang umum dibicarakan — marcus aurelius, meditations"""
"marah,""kata-kata bijak marcus aurelius: kamu tidak boleh memberi keadaan kekuasaan untuk membangkitkan kemarahan, karena mereka sama sekali tidak peduli — marcus aurelius, meditations""";
"takut,""marcus aurelius berkata: bukan kematian yang seharusnya membuat seorang pria takut, tetapi dia seharusnya takut untuk tidak pernah mulai hidup — filsuf stoa""";
"takut,""seperti kata marcus aurelius: bukan kematian yang seharusnya membuat seorang pria takut, tetapi dia seharusnya takut untuk tidak pernah mulai hidup. itulah nasihat marcus aurelius""";
"netral,""pikiran yang terbebas dari gairah adalah benteng yang tidak dapat ditembus - seseorang tidak memiliki tempat perlindungan yang lebih aman selamanya — marcus aurelius, meditations""";
"marah,""seringkali ketidakadilan terletak pada apa yang tidak kamu lakukan, bukan hanya pada apa yang kamu lakukan. pesan marcus aurelius.""";
"cape,""marcus aurelius mengingatkan: sadarilah ini, dan kamu akan menemukan kekuatan""";
"netral,""hiduplah dengan bijak: tidak ada tindakan sembarangan, tidak ada yang tidak didasarkan pada prinsip-prinsip mendasar""";
"kaget,""peringatan marcus aurelius: seni hidup lebih mirip bergulat daripada menari, karena hidup yang berkelas memerlukan persiapan untuk menghadapi dan menahan serangan yang tiba-tiba dan tak terduga — marcus aurelius""";
"marah,""kata marcus aurelius: kamu tidak boleh memberi keadaan kekuasaan untuk membangkitkan kemarahan, karena mereka sama sekali tidak peduli""";
"marah,""hiduplah dengan kebenaran dan keadilan, toleran terhadap mereka yang tidak benar atau tidak adil. itulah nasihat marcus aurelius.. demikian pesan sang filsuf.""";
"takut,""kata marcus aurelius: bukan kematian yang seharusnya membuat seorang pria takut, tetapi dia seharusnya takut untuk tidak pernah mulai hidup — filsuf stoa""";
"marah,""kata-kata bijak marcus aurelius: pertahankan daftar di hadapan pikiranmu tentang mereka yang terbakar kemarahan dan kekecewaan terhadap sesuatu, bahkan yang paling terkenal karena kesuksesan, kemalangan, perbuatan jahat, atau prestasi istimewa apa pun. kemudian tanyakan pada dirimu sendiri, bagaimana hasilnya? asap dan debu, materi dongeng sederhana yang berusaha menjadi legenda — marcus aurelius, meditations""";
"kaget,""seperti kata marcus aurelius: seni hidup lebih mirip bergulat daripada menari, karena hidup yang berkelas memerlukan persiapan untuk menghadapi dan menahan serangan yang tiba-tiba dan tak terduga""";
"sedih,""pikirkanlah hidup yang telah kamu jalani sampai sekarang sebagai berakhir, dan sebagai seorang yang sudah mati, lihatlah apa yang masih tersisa sebagai bonus dan hiduplah sesuai dengan alam. demikian pesan sang filsuf""";
"netral,""dalam meditations, marcus aurelius menulis: harga seorang pria tidak lebih besar dari nilai ambisinya — marcus aurelius, meditations""";
"marah,""mulailah setiap hari dengan memberi tahu dirimu sendiri: hari ini saya akan bertemu dengan gangguan, ketidakberterimaan, ketidakadilan, kemauan buruk, dan egoisme - semuanya karena ketidaktahuan pelaku tentang apa yang baik atau jahat. itulah nasihat marcus aurelius.""";
"cape,""kamu memiliki kekuasaan atas pikiranmu - bukan atas kejadian di luar. sadarilah ini, dan kamu akan menemukan kekuatan. demikian pesan sang filsuf""";
"kaget,""marcus aurelius mengingatkan: seni hidup lebih mirip bergulat daripada menari, karena hidup yang berkelas memerlukan persiapan untuk menghadapi dan menahan serangan yang tiba-tiba dan tak terduga — marcus aurelius, meditations""";
"takut,""marcus aurelius berkata: renungkan: bukan kematian yang seharusnya membuat seorang pria takut, tetapi dia seharusnya takut untuk tidak pernah mulai hidup""";
"netral,""pahami akhirnya bahwa kamu memiliki sesuatu di dalam dirimu yang lebih kuat dan ilahi daripada yang menyebabkan gairah tubuh dan menarikmu seperti boneka semata. pikiran apa sekarang yang menduduki pikiran saya? bukan kah takut, curiga, keinginan, atau sesuatu seperti itu — filsuf stoa.. demikian pesan sang filsuf.""";
"marah,""seberapa banyak waktu yang dia dapatkan yang tidak memandang kemarahan dan ketidaksenangan tentang sesuatu, karena itu sama sekali tidak peduli sebuah pelajaran berharga. — marcus aurelius, meditations""";
"takut,""renungkan: bukan kematian yang seharusnya membuat seorang pria takut, tetapi dia seharusnya takut untuk tidak pernah mulai hidup — filsuf stoa.""";
"cape,""marcus aurelius berkata: sadarilah ini, dan kamu akan menemukan kekuatan""";
netral,jiwa menjadi terwarnai oleh warna pikiranmu. pesan marcus aurelius.;
"senang,""yang tidak baik untuk sarang, tidak baik untuk lebah — marcus aurelius. demikian pesan sang filsuf.""";
"takut,""renungkan: renungkan: bukan kematian yang seharusnya membuat seorang pria takut, tetapi dia seharusnya takut untuk tidak pernah mulai hidup""";
"marah,""apa yang dapat dilakukan orang jahat terhadapmu jika kamu terus menunjukkan kebaikan hati dan, jika diberi kesempatan, dengan lembut menunjukkan di mana mereka salah - tepat saat mereka mencoba menyakitimu. demikian pesan sang filsuf.""";
kaget,seperti kata marcus aurelius: dapatkah proses penting terjadi tanpa sesuatu yang berubah;
"cape,""peringatan marcus aurelius: [aku belajar] membaca dengan tekun";" tidak puas dengan pengetahuan yang ringan dan dangkal, dan tidak cepat setuju dengan hal-hal yang umum dibicarakan. demikian pesan sang filsuf."""
jijik,marcus aurelius berkata: kata marcus aurelius: itu orang yang terus berada dalam penipuan diri dan ketidaktahuan yang merugikan;
"jijik,""kata-kata bijak marcus aurelius: jika seseorang dapat menunjukkan kepadaku bahwa apa yang saya pikirkan atau lakukan tidak benar, saya akan dengan senang hati berubah, karena saya mencari kebenaran, yang tidak pernah merugikan siapa pun secara sungguh-sungguh. itu orang yang terus berada dalam penipuan diri dan ketidaktahuan yang merugikan. demikian pesan sang filsuf""";
"sedih,""cobalah berdoa dengan cara yang berbeda, dan lihatlah apa yang terjadi: alih-alih meminta 'cara untuk tidur dengannya,' cobalah meminta 'cara untuk berhenti menginginkannya.' alih-alih 'cara untuk menghilangkan dia,' cobalah meminta 'cara untuk tidak merindukan kehancurannya.' alih-alih 'cara untuk tidak kehilangan anakku,' cobalah meminta 'cara untuk kehilangan ketakutan saya akan hal itu.'""";
"marah,""marcus aurelius mengingatkan: setiap kali kamu akan menyalahkan seseorang, tanyakan pada dirimu sendiri pertanyaan berikut: kesalahan apakah yang paling mirip dengan apa yang akan saya kritik ini""";
"senang,""dalam meditations, marcus aurelius menulis: dimanapun seseorang bisa hidup, disana juga seseorang bisa hidup dengan baik""";
"takut,""bukan kematian yang seharusnya membuat seorang pria takut, tetapi dia seharusnya takut untuk tidak pernah mulai hidup. pesan marcus aurelius. pesan marcus aurelius.""";
marah,seperti kata marcus aurelius: balas dendam terbaik adalah menjadi tidak seperti orang yang melakukan kejahatan;
"netral,""marcus aurelius berkata: terimalah hal-hal yang tak bisa diubah takdirmu, dan cintailah orang-orang yang takdir bawa padamu, tapi lakukanlah dengan sepenuh hati""";
"cape,""penting bagi anda untuk ingat bahwa perhatian yang anda berikan pada setiap tindakan harus sebanding dengan nilainya, karena itu tidak akan membuatmu lelah dan menyerah, jika kamu tidak sibuk dengan hal-hal yang lebih kecil daripada yang seharusnya diizinkan sebuah pelajaran berharga""";
"netral,""kata-kata bijak marcus aurelius: pahami akhirnya bahwa kamu memiliki sesuatu di dalam dirimu yang lebih kuat dan ilahi daripada yang menyebabkan gairah tubuh dan menarikmu seperti boneka semata. pikiran apa sekarang yang menduduki pikiran saya? bukan kah takut, curiga, keinginan, atau sesuatu seperti itu""";
"senang,""marcus aurelius mengingatkan: berikut adalah aturan untuk diingat di masa depan, ketika sesuatu merayu kamu untuk merasa pahit: bukan 'ini adalah kemalangan,' tetapi 'menanggung ini dengan baik adalah keberuntungan baik.'. demikian pesan sang filsuf.""";
"jijik,""kebaikan hati adalah tak terkalahkan, tetapi hanya jika itu tulus, tanpa kepura-puraan atau pemalsuan. apa yang dapat dilakukan orang jahat terhadapmu jika kamu terus menunjukkan kebaikan hati dan, jika diberi kesempatan, dengan lembut menunjukkan di mana mereka salah - tepat saat mereka mencoba menyakitimu — filsuf stoa.""";
"jijik,""marcus aurelius berkata: kata-kata bijak marcus aurelius: jika seseorang dapat menunjukkan kepadaku bahwa apa yang saya pikirkan atau lakukan tidak benar, saya akan dengan senang hati berubah, karena saya mencari kebenaran, yang tidak pernah merugikan siapa pun secara sungguh-sungguh. itu orang yang terus berada dalam penipuan diri dan ketidaktahuan yang merugikan""";
"takut,""bukan kematian yang seharusnya membuat seorang pria takut, tetapi dia seharusnya takut untuk tidak pernah mulai hidup. pesan marcus aurelius — filsuf stoa.""";
"sedih,""marcus aurelius berkata: jangan kembali ke filsafat sebagai pembimbing, tapi sebagai pasien mencari bantuan untuk mata yang sakit, atau perban untuk luka bakar, atau dari salep. dengan cara ini, kamu akan mematuhi alasan tanpa menampilkannya dan merasa nyaman dalam perawatannya""";
kaget,marcus aurelius berkata: takut akan perubahan? tetapi apa yang bisa ada tanpa itu? apa yang lebih dekat dengan hati alam? bisakah kamu mandi air panas dan meninggalkan kayu bakar seperti itu? makan makanan tanpa mengubahnya? dapatkah proses penting terjadi tanpa sesuatu yang berubah? tidak bisa kamu lihat? itu sama saja dengan kamu - dan sama pentingnya bagi alam — marcus aurelius;
"sedih,""kata marcus aurelius: jangan kembali ke filsafat sebagai pembimbing, tapi sebagai pasien mencari bantuan untuk mata yang sakit, atau perban untuk luka bakar, atau dari salep""";
"marah,""seringkali ketidakadilan terletak pada apa yang tidak kamu lakukan, bukan hanya pada apa yang kamu lakukan""";
"senang,""kata marcus aurelius: semakin seseorang mendekati pikiran yang tenang, semakin dekat dia dengan kekuatan""";
marah,marcus aurelius mengingatkan: balas dendam terbaik adalah menjadi tidak seperti orang yang melakukan kejahatan;
"sedih,""jangan kembali ke filsafat sebagai pembimbing, tapi sebagai pasien mencari bantuan untuk mata yang sakit, atau perban untuk luka bakar, atau dari salep. dengan cara ini, kamu akan mematuhi alasan tanpa menampilkannya dan merasa nyaman dalam perawatannya — filsuf stoa.. demikian pesan sang filsuf""";
"takut,""renungkan: seperti kata marcus aurelius: bukan kematian yang seharusnya membuat seorang pria takut, tetapi dia seharusnya takut untuk tidak pernah mulai hidup""";
kaget,marcus aurelius berkata: marcus aurelius berkata: dapatkah proses penting terjadi tanpa sesuatu yang berubah;
"cape,""kamu memiliki kekuasaan atas pikiranmu - bukan atas kejadian di luar. sadarilah ini, dan kamu akan menemukan kekuatan""";
"jijik,""jika seseorang dapat menunjukkan kepadaku bahwa apa yang saya pikirkan atau lakukan tidak benar, saya akan dengan senang hati berubah, karena saya mencari kebenaran, yang tidak pernah merugikan siapa pun secara sungguh-sungguh. pesan marcus aurelius.. demikian pesan sang filsuf""";
"senang,""kata-kata bijak marcus aurelius: setiap kali kamu bangun di pagi hari, pikirkanlah betapa berharga hak istimewa untuk hidup - bernapas, berpikir, menikmati, mencintai""";
"jijik,""peringatan marcus aurelius: ini adalah tanda kesempurnaan karakter - menghabiskan setiap hari seolah-olah itu hari terakhirmu, tanpa kebingungan, kemalasan, atau pura-pura — marcus aurelius""";
"kaget,""kata-kata bijak marcus aurelius: takut akan perubahan? tetapi apa yang bisa ada tanpa itu? apa yang lebih dekat dengan hati alam? bisakah kamu mandi air panas dan meninggalkan kayu bakar seperti itu? makan makanan tanpa mengubahnya? dapatkah proses penting terjadi tanpa sesuatu yang berubah? tidak bisa kamu lihat? itu sama saja dengan kamu - dan sama pentingnya bagi alam — marcus aurelius, meditations""";
kaget,takut akan perubahan. pesan marcus aurelius;
"jijik,""kata-kata bijak marcus aurelius: jika seseorang dapat menunjukkan kepadaku bahwa apa yang saya pikirkan atau lakukan tidak benar, saya akan dengan senang hati berubah, karena saya mencari kebenaran, yang tidak pernah merugikan siapa pun secara sungguh-sungguh. itu orang yang terus berada dalam penipuan diri dan ketidaktahuan yang merugikan — marcus aurelius, meditations""";
"netral,""kata marcus aurelius: sama seperti zamrud atau emas atau ungu mungkin selalu mengumumkan: 'apa pun yang dilakukan atau dikatakan seseorang, saya harus menjadi diri saya sendiri dan menunjukkan warna sejatiku.'. demikian pesan sang filsuf.""";
senang,jangan buang waktu lagi untuk bertengkar tentang seperti apa seharusnya seorang pria baik. jadilah satu — marcus aurelius;
"sedih,""hiduplah dengan bijak: cobalah berdoa dengan cara yang berbeda, dan lihatlah apa yang terjadi: alih-alih meminta 'cara untuk tidur dengannya,' cobalah meminta 'cara untuk berhenti menginginkannya.' alih-alih 'cara untuk menghilangkan dia,' cobalah meminta 'cara untuk tidak merindukan kehancurannya.' alih-alih 'cara untuk tidak kehilangan anakku,' cobalah meminta 'cara untuk kehilangan ketakutan saya akan hal itu.'""";
"takut,""seperti kata marcus aurelius: marcus aurelius mengingatkan: bukan kematian yang seharusnya membuat seorang pria takut, tetapi dia seharusnya takut untuk tidak pernah mulai hidup — marcus aurelius, meditations""";
"cape,""kamu memiliki kekuasaan atas pikiranmu - bukan atas kejadian di luar. sadarilah ini, dan kamu akan menemukan kekuatan — filsuf stoa.. demikian pesan sang filsuf.""";
"sedih,""seperti kata marcus aurelius: pikirkanlah hidup yang telah kamu jalani sampai sekarang sebagai berakhir, dan sebagai seorang yang sudah mati, lihatlah apa yang masih tersisa sebagai bonus dan hiduplah sesuai dengan alam. cintailah tangan yang takdir berikan padamu dan mainkanlah seperti milikmu sendiri, karena apakah yang lebih cocok""";
"sedih,""pikirkanlah hidup yang telah kamu jalani sampai sekarang sebagai berakhir, dan sebagai seorang yang sudah mati, lihatlah apa yang masih tersisa sebagai bonus dan hiduplah sesuai dengan alam — marcus aurelius, meditations""";
"sedih,""cobalah berdoa dengan cara yang berbeda, dan lihatlah apa yang terjadi: alih-alih meminta 'cara untuk tidur dengannya,' cobalah meminta 'cara untuk berhenti menginginkannya.' alih-alih 'cara untuk menghilangkan dia,' cobalah meminta 'cara untuk tidak merindukan kehancurannya.' alih-alih 'cara untuk tidak kehilangan anakku,' cobalah meminta 'cara untuk kehilangan ketakutan saya akan hal itu.' — filsuf stoa.""";
"marah,""peringatan marcus aurelius: kamu tidak boleh memberi keadaan kekuasaan untuk membangkitkan kemarahan, karena mereka sama sekali tidak peduli. demikian pesan sang filsuf.""";
"takut,""bukan kematian yang seharusnya membuat seorang pria takut, tetapi dia seharusnya takut untuk tidak pernah mulai hidup — filsuf stoa""";
netral,hiduplah dengan bijak: jangan malu untuk membutuhkan bantuan. kamu memiliki tugas untuk dipenuhi seperti seorang prajurit di tembok pertempuran. jadi apa jika kamu terluka dan tidak bisa naik tanpa bantuan prajurit lain;
cape,kata marcus aurelius: lihatlah ke dalam dirimu; ada sumber kekuatan yang akan selalu muncul jika kamu terus melihat — marcus aurelius
"sedih,""pikirkanlah hidup yang telah kamu jalani sampai sekarang sebagai berakhir, dan sebagai seorang yang sudah mati, lihatlah apa yang masih tersisa sebagai bonus dan hiduplah sesuai dengan alam. demikian pesan sang filsuf — marcus aurelius""";
senang,hidup bahagia memerlukan sedikit saja; semuanya ada di dalam dirimu dalam cara berpikirmu. pesan marcus aurelius.
"takut,""hiduplah dengan bijak: dalam meditations, marcus aurelius menulis: bukan kematian yang seharusnya membuat seorang pria takut, tetapi dia seharusnya takut untuk tidak pernah mulai hidup""";
"marah,""kata marcus aurelius: karena ketika kamu melihat itu, kamu akan merasa kasihan, bukan heran atau marah""";
"kaget,""kata marcus aurelius: kata-kata bijak marcus aurelius: seni hidup lebih mirip bergulat daripada menari, karena hidup yang berkelas memerlukan persiapan untuk menghadapi dan menahan serangan yang tiba-tiba dan tak terduga""";
"marah,""seperti kata marcus aurelius: mulailah setiap hari dengan memberi tahu dirimu sendiri: hari ini saya akan bertemu dengan gangguan, ketidakberterimaan, ketidakadilan, kemauan buruk, dan egoisme - semuanya karena ketidaktahuan pelaku tentang apa yang baik atau jahat""";
"senang,""kata marcus aurelius: teruslah memikirkan perubahan elemen satu sama lain, karena pemikiran seperti itu membersihkan debu kehidupan duniawi""";
"kaget,""kata marcus aurelius: dapatkah proses penting terjadi tanpa sesuatu yang berubah — marcus aurelius, meditations""";
kaget,kata marcus aurelius: kata-kata bijak marcus aurelius: takut akan perubahan? tetapi apa yang bisa ada tanpa itu? apa yang lebih dekat dengan hati alam? bisakah kamu mandi air panas dan meninggalkan kayu bakar seperti itu? makan makanan tanpa mengubahnya? dapatkah proses penting terjadi tanpa sesuatu yang berubah? tidak bisa kamu lihat? itu sama saja dengan kamu - dan sama pentingnya bagi alam;
"sedih,""biarkanlah setiap hal yang akan kamu lakukan, katakan, atau niatkan, seperti milik seorang yang akan mati — filsuf stoa — marcus aurelius""";
"sedih,""marcus aurelius berkata: dalam meditations, marcus aurelius menulis: pikirkanlah hidup yang telah kamu jalani sampai sekarang sebagai berakhir, dan sebagai seorang yang sudah mati, lihatlah apa yang masih tersisa sebagai bonus dan hiduplah sesuai dengan alam. cintailah tangan yang takdir berikan padamu dan mainkanlah seperti milikmu sendiri, karena apakah yang lebih cocok""";
"netral,""tidak ada alam yang lebih rendah dari seni, karena seni meniru alam. pesan marcus aurelius. — marcus aurelius, meditations""";
kaget,marcus aurelius mengingatkan: takut akan perubahan;
"marah,""kata-kata bijak marcus aurelius: kamu tidak boleh memberi keadaan kekuasaan untuk membangkitkan kemarahan, karena mereka sama sekali tidak peduli. demikian pesan sang filsuf.""";
"sedih,""marcus aurelius berkata: hiduplah dengan bijak: jangan kembali ke filsafat sebagai pembimbing, tapi sebagai pasien mencari bantuan untuk mata yang sakit, atau perban untuk luka bakar, atau dari salep. dengan cara ini, kamu akan mematuhi alasan tanpa menampilkannya dan merasa nyaman dalam perawatannya — marcus aurelius, meditations""";
"takut,""renungkan: bukan kematian yang seharusnya membuat seorang pria takut, tetapi dia seharusnya takut untuk tidak pernah mulai hidup sebuah pelajaran berharga""";
"sedih,""marcus aurelius mengingatkan: pikirkanlah hidup yang telah kamu jalani sampai sekarang sebagai berakhir, dan sebagai seorang yang sudah mati, lihatlah apa yang masih tersisa sebagai bonus dan hiduplah sesuai dengan alam""";
"marah,""seperti kata marcus aurelius: berapa banyak lebih berat akibat kemarahan dibandingkan penyebabnya — marcus aurelius, meditations""";
cape,lihatlah ke dalam dirimu; ada sumber kekuatan yang akan selalu muncul jika kamu terus melihat. pesan marcus aurelius
"marah,""kata marcus aurelius: apa yang dapat dilakukan orang jahat terhadapmu jika kamu terus menunjukkan kebaikan hati dan, jika diberi kesempatan, dengan lembut menunjukkan di mana mereka salah - tepat saat mereka mencoba menyakitimu""";
"sedih,""hiduplah dengan bijak: cobalah berdoa dengan cara yang berbeda, dan lihatlah apa yang terjadi: alih-alih meminta 'cara untuk tidur dengannya,' cobalah meminta 'cara untuk berhenti menginginkannya.' alih-alih 'cara untuk menghilangkan dia,' cobalah meminta 'cara untuk tidak merindukan kehancurannya.' alih-alih 'cara untuk tidak kehilangan anakku,' cobalah meminta 'cara untuk kehilangan ketakutan saya akan hal itu.'. demikian pesan sang filsuf.""";
"netral,""kamu akan menghadapinya, jika perlu, dengan senjata alasan yang sama yang hari ini melindungimu dari saat ini""";
"cape,""peringatan marcus aurelius: [aku belajar] membaca dengan tekun";" tidak puas dengan pengetahuan yang ringan dan dangkal, dan tidak cepat setuju dengan hal-hal yang umum dibicarakan. demikian pesan sang filsuf"""
marah,balas dendam terbaik adalah menjadi tidak seperti orang yang melakukan kejahatan sebuah pelajaran berharga.;
"takut,""bukan kematian yang seharusnya membuat seorang pria takut, tetapi dia seharusnya takut untuk tidak pernah mulai hidup. demikian pesan sang filsuf — filsuf stoa.""";
"marah,""mulailah setiap hari dengan memberi tahu dirimu sendiri: hari ini saya akan bertemu dengan gangguan, ketidakberterimaan, ketidakadilan, kemauan buruk, dan egoisme - semuanya karena ketidaktahuan pelaku tentang apa yang baik atau jahat. demikian pesan sang filsuf.""";
"jijik,""marcus aurelius berkata: dalam meditations, marcus aurelius menulis: ini adalah tanda kesempurnaan karakter - menghabiskan setiap hari seolah-olah itu hari terakhirmu, tanpa kebingungan, kemalasan, atau pura-pura""";
"jijik,""ini adalah tanda kesempurnaan karakter - menghabiskan setiap hari seolah-olah itu hari terakhirmu, tanpa kebingungan, kemalasan, atau pura-pura — filsuf stoa.""";
"marah,""kata-kata bijak marcus aurelius: kamu tidak boleh memberi keadaan kekuasaan untuk membangkitkan kemarahan, karena mereka sama sekali tidak peduli""";
"netral,""segala sesuatu yang kita dengar adalah opini, bukan fakta. segala sesuatu yang kita lihat adalah sudut pandang, bukan kebenaran — marcus aurelius""";
netral,kita hidup hanya sekarang — marcus aurelius;
netral,renungkan: karena dalam kekuasaanmu untuk mundur ke dalam dirimu sendiri kapan saja kamu mau;
cape,kata marcus aurelius: lihatlah ke dalam dirimu; ada sumber kekuatan yang akan selalu muncul jika kamu terus melihat
"senang,""kata marcus aurelius: berilah dirimu waktu untuk belajar sesuatu yang baik, dan berhentilah berkeliaran kesana-kemari""";
"netral,""dalam meditations, marcus aurelius menulis: tujuan hidup bukanlah menjadi pihak mayoritas, tapi melarikan diri dari diri sendiri dalam deretan orang gila""";
netral,kedua adalah menghadapi hal-hal sebagaimana adanya dan mengenalinya untuk apa adanya — marcus aurelius;
marah,berapa banyak lebih berat akibat kemarahan dibandingkan penyebabnya — filsuf stoa.;
"takut,""dalam meditations, marcus aurelius menulis: bukan kematian yang seharusnya membuat seorang pria takut, tetapi dia seharusnya takut untuk tidak pernah mulai hidup. itulah nasihat marcus aurelius.""";
"cape,""kata-kata bijak marcus aurelius: terimalah tanpa kesombongan, lepaskan tanpa perjuangan""";
"sedih,""hiduplah dengan bijak: jangan kembali ke filsafat sebagai pembimbing, tapi sebagai pasien mencari bantuan untuk mata yang sakit, atau perban untuk luka bakar, atau dari salep. dengan cara ini, kamu akan mematuhi alasan tanpa menampilkannya dan merasa nyaman dalam perawatannya""";
senang,kata-kata bijak marcus aurelius: aturan pertama adalah menjaga semangat yang tenang. kedua adalah menghadapi hal-hal sebagaimana adanya dan mengenalinya untuk apa adanya;
"jijik,""jika seseorang dapat menunjukkan kepadaku bahwa apa yang saya pikirkan atau lakukan tidak benar, saya akan dengan senang hati berubah, karena saya mencari kebenaran, yang tidak pernah merugikan siapa pun secara sungguh-sungguh — marcus aurelius""";
"takut,""peringatan marcus aurelius: bukan kematian yang seharusnya membuat seorang pria takut, tetapi dia seharusnya takut untuk tidak pernah mulai hidup""";
"takut,""kata-kata bijak marcus aurelius: dalam meditations, marcus aurelius menulis: bukan kematian yang seharusnya membuat seorang pria takut, tetapi dia seharusnya takut untuk tidak pernah mulai hidup""";
"kaget,""seni hidup lebih mirip bergulat daripada menari, karena hidup yang berkelas memerlukan persiapan untuk menghadapi dan menahan serangan yang tiba-tiba dan tak terduga — marcus aurelius, meditations""";
"sedih,""peringatan marcus aurelius: pikirkanlah hidup yang telah kamu jalani sampai sekarang sebagai berakhir, dan sebagai seorang yang sudah mati, lihatlah apa yang masih tersisa sebagai bonus dan hiduplah sesuai dengan alam. cintailah tangan yang takdir berikan padamu dan mainkanlah seperti milikmu sendiri, karena apakah yang lebih cocok""";
"sedih,""jangan kembali ke filsafat sebagai pembimbing, tapi sebagai pasien mencari bantuan untuk mata yang sakit, atau perban untuk luka bakar, atau dari salep. dengan cara ini, kamu akan mematuhi alasan tanpa menampilkannya dan merasa nyaman dalam perawatannya — marcus aurelius""";
"netral,""timun itu pahit, maka buanglah! ada duri di jalan, maka hindarilah! cukuplah. mengapa memikirkan keberadaan sesuatu yang merepotkan sebuah pelajaran berharga.""";
"takut,""hiduplah dengan bijak: bukan kematian yang seharusnya membuat seorang pria takut, tetapi dia seharusnya takut untuk tidak pernah mulai hidup sebuah pelajaran berharga""";
"jijik,""kata marcus aurelius: ini adalah tanda kesempurnaan karakter - menghabiskan setiap hari seolah-olah itu hari terakhirmu, tanpa kebingungan, kemalasan, atau pura-pura — marcus aurelius, meditations — marcus aurelius""";
senang,hidup singkat - buah dari hidup ini adalah karakter yang baik dan tindakan untuk kebaikan bersama — filsuf stoa.;
"jijik,""marcus aurelius berkata: kata-kata bijak marcus aurelius: jika seseorang dapat menunjukkan kepadaku bahwa apa yang saya pikirkan atau lakukan tidak benar, saya akan dengan senang hati berubah, karena saya mencari kebenaran, yang tidak pernah merugikan siapa pun secara sungguh-sungguh. itu orang yang terus berada dalam penipuan diri dan ketidaktahuan yang merugikan — marcus aurelius, meditations""";
"cape,""[aku belajar] membaca dengan tekun";" tidak puas dengan pengetahuan yang ringan dan dangkal, dan tidak cepat setuju dengan hal-hal yang umum dibicarakan — filsuf stoa"""
"sedih,""marcus aurelius mengingatkan: jangan kembali ke filsafat sebagai pembimbing, tapi sebagai pasien mencari bantuan untuk mata yang sakit, atau perban untuk luka bakar, atau dari salep""";
kaget,marcus aurelius berkata: kata-kata bijak marcus aurelius: takut akan perubahan? tetapi apa yang bisa ada tanpa itu? apa yang lebih dekat dengan hati alam? bisakah kamu mandi air panas dan meninggalkan kayu bakar seperti itu? makan makanan tanpa mengubahnya? dapatkah proses penting terjadi tanpa sesuatu yang berubah? tidak bisa kamu lihat? itu sama saja dengan kamu - dan sama pentingnya bagi alam. demikian pesan sang filsuf;
"cape,""hiduplah dengan bijak: kamu memiliki kekuasaan atas pikiranmu - bukan atas kejadian di luar. sadarilah ini, dan kamu akan menemukan kekuatan""";
"senang,""berilah dirimu waktu untuk belajar sesuatu yang baik, dan berhentilah berkeliaran kesana-kemari. pesan marcus aurelius. — marcus aurelius, meditations""";
"marah,""seperti kata marcus aurelius: setiap kali seseorang melakukan kesalahan terhadapmu, segera pertimbangkan apa pemikiran tentang yang baik atau jahat yang mereka miliki dalam melakukannya. karena ketika kamu melihat itu, kamu akan merasa kasihan, bukan heran atau marah. demikian pesan sang filsuf.""";
"netral,""seperti kata marcus aurelius: aku belajar membaca dengan teliti dan tidak puas dengan pemahaman kasar tentang keseluruhan, dan tidak segera setuju dengan mereka yang banyak bicara tentang sesuatu — marcus aurelius, meditations""";
"sedih,""marcus aurelius berkata: seperti kata marcus aurelius: pikirkanlah hidup yang telah kamu jalani sampai sekarang sebagai berakhir, dan sebagai seorang yang sudah mati, lihatlah apa yang masih tersisa sebagai bonus dan hiduplah sesuai dengan alam. cintailah tangan yang takdir berikan padamu dan mainkanlah seperti milikmu sendiri, karena apakah yang lebih cocok""";
"sedih,""pikirkanlah hidup yang telah kamu jalani sampai sekarang sebagai berakhir, dan sebagai seorang yang sudah mati, lihatlah apa yang masih tersisa sebagai bonus dan hiduplah sesuai dengan alam. cintailah tangan yang takdir berikan padamu dan mainkanlah seperti milikmu sendiri, karena apakah yang lebih cocok — marcus aurelius — marcus aurelius""";
kaget,marcus aurelius mengingatkan: takut akan perubahan? tetapi apa yang bisa ada tanpa itu? apa yang lebih dekat dengan hati alam? bisakah kamu mandi air panas dan meninggalkan kayu bakar seperti itu? makan makanan tanpa mengubahnya? dapatkah proses penting terjadi tanpa sesuatu yang berubah? tidak bisa kamu lihat? itu sama saja dengan kamu - dan sama pentingnya bagi alam — marcus aurelius;
"netral,""seperti kata marcus aurelius: karena sesuatu tampak sulit bagi anda, jangan anggap itu tidak mungkin. demikian pesan sang filsuf.""";
"marah,""hiduplah dengan bijak: hiduplah dengan kebenaran dan keadilan, toleran terhadap mereka yang tidak benar atau tidak adil""";
"jijik,""marcus aurelius berkata: peringatan marcus aurelius: jika seseorang dapat menunjukkan kepadaku bahwa apa yang saya pikirkan atau lakukan tidak benar, saya akan dengan senang hati berubah, karena saya mencari kebenaran, yang tidak pernah merugikan siapa pun secara sungguh-sungguh. itu orang yang terus berada dalam penipuan diri dan ketidaktahuan yang merugikan""";
"kaget,""kata marcus aurelius: marcus aurelius mengingatkan: seni hidup lebih mirip bergulat daripada menari, karena hidup yang berkelas memerlukan persiapan untuk menghadapi dan menahan serangan yang tiba-tiba dan tak terduga""";
"jijik,""kebaikan hati adalah tak terkalahkan, tetapi hanya jika itu tulus, tanpa kepura-puraan atau pemalsuan. apa yang dapat dilakukan orang jahat terhadapmu jika kamu terus menunjukkan kebaikan hati dan, jika diberi kesempatan, dengan lembut menunjukkan di mana mereka salah - tepat saat mereka mencoba menyakitimu. itulah nasihat marcus aurelius""";
"cape,""peringatan marcus aurelius: [aku belajar] membaca dengan tekun";" tidak puas dengan pengetahuan yang ringan dan dangkal, dan tidak cepat setuju dengan hal-hal yang umum dibicarakan"""
marah,seperti kata marcus aurelius: berapa banyak lebih berat akibat kemarahan dibandingkan penyebabnya;
"cape,""seperti kata marcus aurelius: terimalah tanpa kesombongan, lepaskan tanpa perjuangan — marcus aurelius, meditations""";
"netral,""seperti kata marcus aurelius: jangan biarkan masa depan mengganggumu. kamu akan menghadapinya, jika perlu, dengan senjata alasan yang sama yang hari ini melindungimu dari saat ini""";
netral,kenangan tentang segala sesuatu segera terlupakan seiring waktu;
"takut,""marcus aurelius mengingatkan: kata-kata bijak marcus aurelius: bukan kematian yang seharusnya membuat seorang pria takut, tetapi dia seharusnya takut untuk tidak pernah mulai hidup""";
kaget,takut akan perubahan. pesan marcus aurelius.;
netral,kata-kata bijak marcus aurelius: selalu ada opsi untuk tidak memiliki pendapat. tidak pernah ada kebutuhan untuk terlalu terbawa-bawa atau meresahkan jiwamu tentang hal-hal yang tidak bisa kamu kendalikan. hal-hal ini tidak meminta untuk dinilai olehmu. biarkanlah saja;
kaget,kata marcus aurelius: takut akan perubahan — marcus aurelius;
"marah,""marcus aurelius mengingatkan: kamu tidak boleh memberi keadaan kekuasaan untuk membangkitkan kemarahan, karena mereka sama sekali tidak peduli""";
"sedih,""pikirkanlah hidup yang telah kamu jalani sampai sekarang sebagai berakhir, dan sebagai seorang yang sudah mati, lihatlah apa yang masih tersisa sebagai bonus dan hiduplah sesuai dengan alam. cintailah tangan yang takdir berikan padamu dan mainkanlah seperti milikmu sendiri, karena apakah yang lebih cocok sebuah pelajaran berharga.""";
"sedih,""marcus aurelius berkata: marcus aurelius berkata: jangan kembali ke filsafat sebagai pembimbing, tapi sebagai pasien mencari bantuan untuk mata yang sakit, atau perban untuk luka bakar, atau dari salep. dengan cara ini, kamu akan mematuhi alasan tanpa menampilkannya dan merasa nyaman dalam perawatannya — marcus aurelius, meditations""";
"jijik,""dalam meditations, marcus aurelius menulis: ini adalah tanda kesempurnaan karakter - menghabiskan setiap hari seolah-olah itu hari terakhirmu, tanpa kebingungan, kemalasan, atau pura-pura""";
"sedih,""renungkan: jangan kembali ke filsafat sebagai pembimbing, tapi sebagai pasien mencari bantuan untuk mata yang sakit, atau perban untuk luka bakar, atau dari salep. dengan cara ini, kamu akan mematuhi alasan tanpa menampilkannya dan merasa nyaman dalam perawatannya. demikian pesan sang filsuf — marcus aurelius""";
"marah,""kamu tidak boleh memberi keadaan kekuasaan untuk membangkitkan kemarahan, karena mereka sama sekali tidak peduli — filsuf stoa.""";
"kaget,""marcus aurelius berkata: seperti kata marcus aurelius: seni hidup lebih mirip bergulat daripada menari, karena hidup yang berkelas memerlukan persiapan untuk menghadapi dan menahan serangan yang tiba-tiba dan tak terduga""";
"cape,""seperti kata marcus aurelius: terimalah tanpa kesombongan, lepaskan tanpa perjuangan — marcus aurelius""";
netral,kata-kata bijak marcus aurelius: pikiran yang terbebas dari gairah adalah benteng yang tidak dapat ditembus - seseorang tidak memiliki tempat perlindungan yang lebih aman selamanya;
"netral,""marcus aurelius mengingatkan: biarkanlah orang melihat, biarkan mereka tahu, seorang pria sejati, yang hidup seperti yang seharusnya dia jalani — marcus aurelius, meditations""";
"marah,""karena ketika kamu melihat itu, kamu akan merasa kasihan, bukan heran atau marah — marcus aurelius. demikian pesan sang filsuf.""";
marah,marcus aurelius berkata: balas dendam terbaik adalah menjadi tidak seperti orang yang melakukan kejahatan;
kaget,renungkan: takut akan perubahan? tetapi apa yang bisa ada tanpa itu? apa yang lebih dekat dengan hati alam? bisakah kamu mandi air panas dan meninggalkan kayu bakar seperti itu? makan makanan tanpa mengubahnya? dapatkah proses penting terjadi tanpa sesuatu yang berubah? tidak bisa kamu lihat? itu sama saja dengan kamu - dan sama pentingnya bagi alam — marcus aurelius;
"takut,""hiduplah dengan bijak: bukan kematian yang seharusnya membuat seorang pria takut, tetapi dia seharusnya takut untuk tidak pernah mulai hidup. demikian pesan sang filsuf""";
"cape,""renungkan: [aku belajar] membaca dengan tekun";" tidak puas dengan pengetahuan yang ringan dan dangkal, dan tidak cepat setuju dengan hal-hal yang umum dibicarakan"""
"cape,""peringatan marcus aurelius: [aku belajar] membaca dengan tekun";" tidak puas dengan pengetahuan yang ringan dan dangkal, dan tidak cepat setuju dengan hal-hal yang umum dibicarakan — marcus aurelius"""
"takut,""bukan kematian yang seharusnya membuat seorang pria takut, tetapi dia seharusnya takut untuk tidak pernah mulai hidup — marcus aurelius. pesan marcus aurelius.""";
netral,kamu memiliki kekuasaan atas pikiranmu - bukan atas kejadian di luar;
"netral,""sama seperti zamrud atau emas atau ungu mungkin selalu mengumumkan: 'apa pun yang dilakukan atau dikatakan seseorang, saya harus menjadi diri saya sendiri dan menunjukkan warna sejatiku.' — marcus aurelius""";
"takut,""marcus aurelius mengingatkan: bukan kematian yang seharusnya membuat seorang pria takut, tetapi dia seharusnya takut untuk tidak pernah mulai hidup. demikian pesan sang filsuf — filsuf stoa.""";
"cape,""kamu memiliki kekuasaan atas pikiranmu - bukan atas kejadian di luar. sadarilah ini, dan kamu akan menemukan kekuatan. pesan marcus aurelius""";
"sedih,""marcus aurelius berkata: biarkanlah setiap hal yang akan kamu lakukan, katakan, atau niatkan, seperti milik seorang yang akan mati — marcus aurelius, meditations""";
"netral,""tanggung jawab kepemimpinan adalah bekerja dengan cerdas dengan apa yang diberikan, dan jangan membuang waktu memimpikan dunia orang-orang yang sempurna dan pilihan yang sempurna""";
"takut,""marcus aurelius mengingatkan: bukan kematian yang seharusnya membuat seorang pria takut, tetapi dia seharusnya takut untuk tidak pernah mulai hidup. demikian pesan sang filsuf — marcus aurelius""";
senang,kata marcus aurelius: kematian menggantung di atasmu;
marah,balas dendam terbaik adalah menjadi tidak seperti orang yang melakukan kejahatan — marcus aurelius;
cape,peringatan marcus aurelius: lihatlah ke dalam dirimu; ada sumber kekuatan yang akan selalu muncul jika kamu terus melihat — marcus aurelius
"jijik,""marcus aurelius berkata: marcus aurelius berkata: kebaikan hati adalah tak terkalahkan, tetapi hanya jika itu tulus, tanpa kepura-puraan atau pemalsuan""";
"kaget,""marcus aurelius berkata: seni hidup lebih mirip bergulat daripada menari, karena hidup yang berkelas memerlukan persiapan untuk menghadapi dan menahan serangan yang tiba-tiba dan tak terduga — filsuf stoa.. demikian pesan sang filsuf""";
"senang,""yang kamu butuhkan hanyalah ini: keyakinan dalam penilaian saat ini: tindakan untuk kebaikan bersama saat ini";" dan sikap bersyukur saat ini untuk apa pun yang datang padamu sebuah pelajaran berharga. — marcus aurelius, meditations"""
"senang,""dimanapun seseorang bisa hidup, disana juga seseorang bisa hidup dengan baik — marcus aurelius — marcus aurelius, meditations""";
senang,aturan pertama adalah menjaga semangat yang tenang;
kaget,kata marcus aurelius: marcus aurelius berkata: takut akan perubahan? tetapi apa yang bisa ada tanpa itu? apa yang lebih dekat dengan hati alam? bisakah kamu mandi air panas dan meninggalkan kayu bakar seperti itu? makan makanan tanpa mengubahnya? dapatkah proses penting terjadi tanpa sesuatu yang berubah? tidak bisa kamu lihat? itu sama saja dengan kamu - dan sama pentingnya bagi alam;
"sedih,""seperti kata marcus aurelius: pikirkanlah hidup yang telah kamu jalani sampai sekarang sebagai berakhir, dan sebagai seorang yang sudah mati, lihatlah apa yang masih tersisa sebagai bonus dan hiduplah sesuai dengan alam. cintailah tangan yang takdir berikan padamu dan mainkanlah seperti milikmu sendiri, karena apakah yang lebih cocok. demikian pesan sang filsuf.""";
"kaget,""seni hidup lebih mirip bergulat daripada menari, karena hidup yang berkelas memerlukan persiapan untuk menghadapi dan menahan serangan yang tiba-tiba dan tak terduga. itulah nasihat marcus aurelius""";
"cape,""hiduplah dengan bijak: kamu memiliki kekuasaan atas pikiranmu - bukan atas kejadian di luar. sadarilah ini, dan kamu akan menemukan kekuatan — marcus aurelius""";
senang,marcus aurelius berkata: tidak ada harmoni yang lebih besar;
"sedih,""kata marcus aurelius: marcus aurelius berkata: cobalah berdoa dengan cara yang berbeda, dan lihatlah apa yang terjadi: alih-alih meminta 'cara untuk tidur dengannya,' cobalah meminta 'cara untuk berhenti menginginkannya.' alih-alih 'cara untuk menghilangkan dia,' cobalah meminta 'cara untuk tidak merindukan kehancurannya.' alih-alih 'cara untuk tidak kehilangan anakku,' cobalah meminta 'cara untuk kehilangan ketakutan saya akan hal itu.'""";
"cape,""terimalah tanpa kesombongan, lepaskan tanpa perjuangan. pesan marcus aurelius.""";
"sedih,""peringatan marcus aurelius: pikirkanlah hidup yang telah kamu jalani sampai sekarang sebagai berakhir, dan sebagai seorang yang sudah mati, lihatlah apa yang masih tersisa sebagai bonus dan hiduplah sesuai dengan alam. cintailah tangan yang takdir berikan padamu dan mainkanlah seperti milikmu sendiri, karena apakah yang lebih cocok — marcus aurelius, meditations""";
"takut,""bukan kematian yang seharusnya membuat seorang pria takut, tetapi dia seharusnya takut untuk tidak pernah mulai hidup — marcus aurelius. itulah nasihat marcus aurelius.""";
"kaget,""marcus aurelius berkata: kata-kata bijak marcus aurelius: takut akan perubahan? tetapi apa yang bisa ada tanpa itu? apa yang lebih dekat dengan hati alam? bisakah kamu mandi air panas dan meninggalkan kayu bakar seperti itu? makan makanan tanpa mengubahnya? dapatkah proses penting terjadi tanpa sesuatu yang berubah? tidak bisa kamu lihat? itu sama saja dengan kamu - dan sama pentingnya bagi alam — marcus aurelius, meditations""";
"marah,""peringatan marcus aurelius: kamu tidak boleh memberi keadaan kekuasaan untuk membangkitkan kemarahan, karena mereka sama sekali tidak peduli — marcus aurelius, meditations""";
"senang,""kata marcus aurelius: jangan berlebihan dalam impian memiliki apa yang belum kamu miliki, tapi hitunglah berkah utama yang kamu miliki, dan kemudian dengan rasa syukur ingatlah bagaimana kamu akan merindukannya jika itu bukan milikmu""";
"sedih,""dalam meditations, marcus aurelius menulis: pikirkanlah hidup yang telah kamu jalani sampai sekarang sebagai berakhir, dan sebagai seorang yang sudah mati, lihatlah apa yang masih tersisa sebagai bonus dan hiduplah sesuai dengan alam. cintailah tangan yang takdir berikan padamu dan mainkanlah seperti milikmu sendiri, karena apakah yang lebih cocok. demikian pesan sang filsuf.""";
"senang,""gali dalam dirimu, karena ada sumber kebaikan yang selalu siap mengalir jika kamu terus menggali sebuah pelajaran berharga.""";
netral,marcus aurelius berkata: tidak pernah ada kebutuhan untuk terlalu terbawa-bawa atau meresahkan jiwamu tentang hal-hal yang tidak bisa kamu kendalikan;
"takut,""marcus aurelius berkata: marcus aurelius mengingatkan: bukan kematian yang seharusnya membuat seorang pria takut, tetapi dia seharusnya takut untuk tidak pernah mulai hidup. demikian pesan sang filsuf""";
"jijik,""ini adalah tanda kesempurnaan karakter - menghabiskan setiap hari seolah-olah itu hari terakhirmu, tanpa kebingungan, kemalasan, atau pura-pura. pesan marcus aurelius — marcus aurelius""";
marah,balas dendam terbaik adalah menjadi tidak seperti orang yang melakukan kejahatan;
"jijik,""dalam meditations, marcus aurelius menulis: kebaikan hati adalah tak terkalahkan, tetapi hanya jika itu tulus, tanpa kepura-puraan atau pemalsuan. apa yang dapat dilakukan orang jahat terhadapmu jika kamu terus menunjukkan kebaikan hati dan, jika diberi kesempatan, dengan lembut menunjukkan di mana mereka salah - tepat saat mereka mencoba menyakitimu""";
"cape,""renungkan: [aku belajar] membaca dengan tekun";" tidak puas dengan pengetahuan yang ringan dan dangkal, dan tidak cepat setuju dengan hal-hal yang umum dibicarakan. demikian pesan sang filsuf."""
kaget,seperti kata marcus aurelius: takut akan perubahan? tetapi apa yang bisa ada tanpa itu? apa yang lebih dekat dengan hati alam? bisakah kamu mandi air panas dan meninggalkan kayu bakar seperti itu? makan makanan tanpa mengubahnya? dapatkah proses penting terjadi tanpa sesuatu yang berubah? tidak bisa kamu lihat? itu sama saja dengan kamu - dan sama pentingnya bagi alam;
"takut,""marcus aurelius mengingatkan: marcus aurelius mengingatkan: bukan kematian yang seharusnya membuat seorang pria takut, tetapi dia seharusnya takut untuk tidak pernah mulai hidup — marcus aurelius, meditations""";
"jijik,""ini adalah tanda kesempurnaan karakter - menghabiskan setiap hari seolah-olah itu hari terakhirmu, tanpa kebingungan, kemalasan, atau pura-pura sebuah pelajaran berharga. — marcus aurelius, meditations""";
"cape,""renungkan: terimalah tanpa kesombongan, lepaskan tanpa perjuangan""";
marah,balas dendam terbaik adalah menjadi tidak seperti orang yang melakukan kejahatan. pesan marcus aurelius.;
"sedih,""jangan kembali ke filsafat sebagai pembimbing, tapi sebagai pasien mencari bantuan untuk mata yang sakit, atau perban untuk luka bakar, atau dari salep. dengan cara ini, kamu akan mematuhi alasan tanpa menampilkannya dan merasa nyaman dalam perawatannya — filsuf stoa.""";
"kaget,""kata marcus aurelius: hiduplah dengan bijak: seni hidup lebih mirip bergulat daripada menari, karena hidup yang berkelas memerlukan persiapan untuk menghadapi dan menahan serangan yang tiba-tiba dan tak terduga""";
"senang,""teruslah memikirkan perubahan elemen satu sama lain, karena pemikiran seperti itu membersihkan debu kehidupan duniawi. pesan marcus aurelius.""";
"takut,""bukan kematian yang seharusnya membuat seorang pria takut, tetapi dia seharusnya takut untuk tidak pernah mulai hidup — marcus aurelius — marcus aurelius""";
"marah,""marcus aurelius mengingatkan: pertahankan daftar di hadapan pikiranmu tentang mereka yang terbakar kemarahan dan kekecewaan terhadap sesuatu, bahkan yang paling terkenal karena kesuksesan, kemalangan, perbuatan jahat, atau prestasi istimewa apa pun. kemudian tanyakan pada dirimu sendiri, bagaimana hasilnya? asap dan debu, materi dongeng sederhana yang berusaha menjadi legenda. demikian pesan sang filsuf.""";
"takut,""kata-kata bijak marcus aurelius: peringatan marcus aurelius: bukan kematian yang seharusnya membuat seorang pria takut, tetapi dia seharusnya takut untuk tidak pernah mulai hidup""";
"marah,""marcus aurelius berkata: karena ketika kamu melihat itu, kamu akan merasa kasihan, bukan heran atau marah""";
"senang,""mencintai hanya apa yang terjadi, apa yang sudah ditentukan""";
senang,seperti kata marcus aurelius: yang kamu butuhkan hanyalah ini: keyakinan dalam penilaian saat ini: tindakan untuk kebaikan bersama saat ini; dan sikap bersyukur saat ini untuk apa pun yang datang padamu
"sedih,""dalam meditations, marcus aurelius menulis: jangan kembali ke filsafat sebagai pembimbing, tapi sebagai pasien mencari bantuan untuk mata yang sakit, atau perban untuk luka bakar, atau dari salep. dengan cara ini, kamu akan mematuhi alasan tanpa menampilkannya dan merasa nyaman dalam perawatannya — marcus aurelius""";
"senang,""marcus aurelius mengingatkan: lewati masa singkat ini dengan harmoni dengan alam, dan datanglah ke tempat peristirahatan terakhirmu dengan anggun, sama seperti zaitun yang matang bisa jatuh, memuji bumi yang memberinya makanan dan bersyukur kepada pohon yang memberinya pertumbuhan""";
"senang,""mencintai hanya apa yang terjadi, apa yang sudah ditentukan. tidak ada harmoni yang lebih besar""";
"takut,""marcus aurelius mengingatkan: marcus aurelius mengingatkan: bukan kematian yang seharusnya membuat seorang pria takut, tetapi dia seharusnya takut untuk tidak pernah mulai hidup""";
netral,jangan malu untuk membutuhkan bantuan. kamu memiliki tugas untuk dipenuhi seperti seorang prajurit di tembok pertempuran. jadi apa jika kamu terluka dan tidak bisa naik tanpa bantuan prajurit lain — filsuf stoa.;
"cape,""[aku belajar] membaca dengan tekun";" tidak puas dengan pengetahuan yang ringan dan dangkal, dan tidak cepat setuju dengan hal-hal yang umum dibicarakan. itulah nasihat marcus aurelius"""
"netral,""kenangan tentang segala sesuatu segera terlupakan seiring waktu. itulah nasihat marcus aurelius. — marcus aurelius, meditations""";
"sedih,""pikirkanlah hidup yang telah kamu jalani sampai sekarang sebagai berakhir, dan sebagai seorang yang sudah mati, lihatlah apa yang masih tersisa sebagai bonus dan hiduplah sesuai dengan alam. pesan marcus aurelius.. demikian pesan sang filsuf""";
netral,kita hidup hanya sekarang. pesan marcus aurelius.;
"senang,""kata marcus aurelius: jangan bertindak seolah-olah kamu akan hidup sepuluh ribu tahun. kematian menggantung di atasmu. selama kamu hidup, selama itu dalam kekuasaanmu, berbuatlah baik. demikian pesan sang filsuf.""";
"netral,""timun itu pahit, maka buanglah! ada duri di jalan, maka hindarilah! cukuplah. mengapa memikirkan keberadaan sesuatu yang merepotkan. pesan marcus aurelius.""";
"netral,""jangan malu untuk membutuhkan bantuan. kamu memiliki tugas untuk dipenuhi seperti seorang prajurit di tembok pertempuran. jadi apa jika kamu terluka dan tidak bisa naik tanpa bantuan prajurit lain sebuah pelajaran berharga. — marcus aurelius, meditations""";
"cape,""kata-kata bijak marcus aurelius: kamu memiliki kekuasaan atas pikiranmu - bukan atas kejadian di luar. sadarilah ini, dan kamu akan menemukan kekuatan — marcus aurelius""";
"takut,""marcus aurelius mengingatkan: peringatan marcus aurelius: bukan kematian yang seharusnya membuat seorang pria takut, tetapi dia seharusnya takut untuk tidak pernah mulai hidup""";
"kaget,""marcus aurelius mengingatkan: seni hidup lebih mirip bergulat daripada menari, karena hidup yang berkelas memerlukan persiapan untuk menghadapi dan menahan serangan yang tiba-tiba dan tak terduga — marcus aurelius""";
"sedih,""marcus aurelius berkata: hiduplah dengan bijak: cobalah berdoa dengan cara yang berbeda, dan lihatlah apa yang terjadi: alih-alih meminta 'cara untuk tidur dengannya,' cobalah meminta 'cara untuk berhenti menginginkannya.' alih-alih 'cara untuk menghilangkan dia,' cobalah meminta 'cara untuk tidak merindukan kehancurannya.' alih-alih 'cara untuk tidak kehilangan anakku,' cobalah meminta 'cara untuk kehilangan ketakutan saya akan hal itu.' — marcus aurelius, meditations""";
"senang,""mencintai hanya apa yang terjadi, apa yang sudah ditentukan. tidak ada harmoni yang lebih besar — marcus aurelius""";
senang,marcus aurelius berkata: aturan pertama adalah menjaga semangat yang tenang. kedua adalah menghadapi hal-hal sebagaimana adanya dan mengenalinya untuk apa adanya;
"cape,""kata marcus aurelius: lihatlah ke dalam dirimu";" ada sumber kekuatan yang akan selalu muncul jika kamu terus melihat — marcus aurelius, meditations"""
"kaget,""kata marcus aurelius: seni hidup lebih mirip bergulat daripada menari, karena hidup yang berkelas memerlukan persiapan untuk menghadapi dan menahan serangan yang tiba-tiba dan tak terduga — filsuf stoa. — marcus aurelius, meditations""";
"takut,""bukan kematian yang seharusnya membuat seorang pria takut, tetapi dia seharusnya takut untuk tidak pernah mulai hidup — marcus aurelius, meditations""";
"sedih,""marcus aurelius berkata: renungkan: jangan kembali ke filsafat sebagai pembimbing, tapi sebagai pasien mencari bantuan untuk mata yang sakit, atau perban untuk luka bakar, atau dari salep. dengan cara ini, kamu akan mematuhi alasan tanpa menampilkannya dan merasa nyaman dalam perawatannya""";
"cape,""[aku belajar] membaca dengan tekun";" tidak puas dengan pengetahuan yang ringan dan dangkal, dan tidak cepat setuju dengan hal-hal yang umum dibicarakan. itulah nasihat marcus aurelius."""
"cape,""[aku belajar] membaca dengan tekun";" tidak puas dengan pengetahuan yang ringan dan dangkal, dan tidak cepat setuju dengan hal-hal yang umum dibicarakan — marcus aurelius, meditations"""
kaget,takut akan perubahan? tetapi apa yang bisa ada tanpa itu? apa yang lebih dekat dengan hati alam? bisakah kamu mandi air panas dan meninggalkan kayu bakar seperti itu? makan makanan tanpa mengubahnya? dapatkah proses penting terjadi tanpa sesuatu yang berubah? tidak bisa kamu lihat? itu sama saja dengan kamu - dan sama pentingnya bagi alam;
"takut,""marcus aurelius mengingatkan: bukan kematian yang seharusnya membuat seorang pria takut, tetapi dia seharusnya takut untuk tidak pernah mulai hidup — marcus aurelius, meditations — marcus aurelius""";
jijik,itu orang yang terus berada dalam penipuan diri dan ketidaktahuan yang merugikan. pesan marcus aurelius.;
"takut,""kata-kata bijak marcus aurelius: marcus aurelius berkata: bukan kematian yang seharusnya membuat seorang pria takut, tetapi dia seharusnya takut untuk tidak pernah mulai hidup""";
"sedih,""kata marcus aurelius: biarkanlah setiap hal yang akan kamu lakukan, katakan, atau niatkan, seperti milik seorang yang akan mati — marcus aurelius""";
"takut,""marcus aurelius mengingatkan: bukan kematian yang seharusnya membuat seorang pria takut, tetapi dia seharusnya takut untuk tidak pernah mulai hidup. demikian pesan sang filsuf.""";
cape,lihatlah ke dalam dirimu; ada sumber kekuatan yang akan selalu muncul jika kamu terus melihat. pesan marcus aurelius.
"sedih,""renungkan: jangan kembali ke filsafat sebagai pembimbing, tapi sebagai pasien mencari bantuan untuk mata yang sakit, atau perban untuk luka bakar, atau dari salep. dengan cara ini, kamu akan mematuhi alasan tanpa menampilkannya dan merasa nyaman dalam perawatannya. demikian pesan sang filsuf.""";
"takut,""kata-kata bijak marcus aurelius: bukan kematian yang seharusnya membuat seorang pria takut, tetapi dia seharusnya takut untuk tidak pernah mulai hidup. pesan marcus aurelius.""";
"sedih,""jangan kembali ke filsafat sebagai pembimbing, tapi sebagai pasien mencari bantuan untuk mata yang sakit, atau perban untuk luka bakar, atau dari salep — marcus aurelius""";
kaget,hiduplah dengan bijak: takut akan perubahan? tetapi apa yang bisa ada tanpa itu? apa yang lebih dekat dengan hati alam? bisakah kamu mandi air panas dan meninggalkan kayu bakar seperti itu? makan makanan tanpa mengubahnya? dapatkah proses penting terjadi tanpa sesuatu yang berubah? tidak bisa kamu lihat? itu sama saja dengan kamu - dan sama pentingnya bagi alam;
"jijik,""kata marcus aurelius: jika seseorang dapat menunjukkan kepadaku bahwa apa yang saya pikirkan atau lakukan tidak benar, saya akan dengan senang hati berubah, karena saya mencari kebenaran, yang tidak pernah merugikan siapa pun secara sungguh-sungguh. itu orang yang terus berada dalam penipuan diri dan ketidaktahuan yang merugikan""";
"senang,""seperti kata marcus aurelius: jangan berlebihan dalam impian memiliki apa yang belum kamu miliki, tapi hitunglah berkah utama yang kamu miliki, dan kemudian dengan rasa syukur ingatlah bagaimana kamu akan merindukannya jika itu bukan milikmu. demikian pesan sang filsuf.""";
netral,jangan malu untuk membutuhkan bantuan. kamu memiliki tugas untuk dipenuhi seperti seorang prajurit di tembok pertempuran. jadi apa jika kamu terluka dan tidak bisa naik tanpa bantuan prajurit lain sebuah pelajaran berharga.. demikian pesan sang filsuf.;
"takut,""kata marcus aurelius: bukan kematian yang seharusnya membuat seorang pria takut, tetapi dia seharusnya takut untuk tidak pernah mulai hidup — marcus aurelius, meditations""";
"netral,""kata-kata bijak marcus aurelius: tanggung jawab kepemimpinan adalah bekerja dengan cerdas dengan apa yang diberikan, dan jangan membuang waktu memimpikan dunia orang-orang yang sempurna dan pilihan yang sempurna. demikian pesan sang filsuf.""";
"takut,""bukan kematian yang seharusnya membuat seorang pria takut, tetapi dia seharusnya takut untuk tidak pernah mulai hidup. itulah nasihat marcus aurelius. pesan marcus aurelius.""";
"marah,""marcus aurelius berkata: apa yang dapat dilakukan orang jahat terhadapmu jika kamu terus menunjukkan kebaikan hati dan, jika diberi kesempatan, dengan lembut menunjukkan di mana mereka salah - tepat saat mereka mencoba menyakitimu""";
"jijik,""marcus aurelius berkata: seperti kata marcus aurelius: ini adalah tanda kesempurnaan karakter - menghabiskan setiap hari seolah-olah itu hari terakhirmu, tanpa kebingungan, kemalasan, atau pura-pura""";
"senang,""peringatan marcus aurelius: setiap kali kamu bangun di pagi hari, pikirkanlah betapa berharga hak istimewa untuk hidup - bernapas, berpikir, menikmati, mencintai""";
"jijik,""kebaikan hati adalah tak terkalahkan, tetapi hanya jika itu tulus, tanpa kepura-puraan atau pemalsuan. apa yang dapat dilakukan orang jahat terhadapmu jika kamu terus menunjukkan kebaikan hati dan, jika diberi kesempatan, dengan lembut menunjukkan di mana mereka salah - tepat saat mereka mencoba menyakitimu. itulah nasihat marcus aurelius. — marcus aurelius, meditations""";
"senang,""seperti kata marcus aurelius: bukan tanda kejantanan untuk menjadi marah. sebaliknya, kelembutan dan kesopanan lebih manusiawi, dan oleh karena itu lebih jantan. semakin seseorang mendekati pikiran yang tenang, semakin dekat dia dengan kekuatan""";
"cape,""kata marcus aurelius: [aku belajar] membaca dengan tekun";" tidak puas dengan pengetahuan yang ringan dan dangkal, dan tidak cepat setuju dengan hal-hal yang umum dibicarakan — marcus aurelius"""
kaget,kata marcus aurelius: marcus aurelius mengingatkan: takut akan perubahan? tetapi apa yang bisa ada tanpa itu? apa yang lebih dekat dengan hati alam? bisakah kamu mandi air panas dan meninggalkan kayu bakar seperti itu? makan makanan tanpa mengubahnya? dapatkah proses penting terjadi tanpa sesuatu yang berubah? tidak bisa kamu lihat? itu sama saja dengan kamu - dan sama pentingnya bagi alam;
"marah,""seberapa banyak waktu yang dia dapatkan yang tidak memandang kemarahan dan ketidaksenangan tentang sesuatu, karena itu sama sekali tidak peduli. itulah nasihat marcus aurelius.""";
"takut,""seperti kata marcus aurelius: seperti kata marcus aurelius: bukan kematian yang seharusnya membuat seorang pria takut, tetapi dia seharusnya takut untuk tidak pernah mulai hidup""";
"takut,""renungkan: bukan kematian yang seharusnya membuat seorang pria takut, tetapi dia seharusnya takut untuk tidak pernah mulai hidup. demikian pesan sang filsuf""";
"kaget,""marcus aurelius berkata: seni hidup lebih mirip bergulat daripada menari, karena hidup yang berkelas memerlukan persiapan untuk menghadapi dan menahan serangan yang tiba-tiba dan tak terduga. demikian pesan sang filsuf""";
"netral,""kata marcus aurelius: setiap organisme hidup mencapai kesempurnaan ketika mengikuti jalur yang benar untuk sifatnya sendiri — marcus aurelius, meditations""";
"kaget,""seperti kata marcus aurelius: seni hidup lebih mirip bergulat daripada menari, karena hidup yang berkelas memerlukan persiapan untuk menghadapi dan menahan serangan yang tiba-tiba dan tak terduga — marcus aurelius""";
"takut,""renungkan: bukan kematian yang seharusnya membuat seorang pria takut, tetapi dia seharusnya takut untuk tidak pernah mulai hidup — filsuf stoa""";
"sedih,""jangan kembali ke filsafat sebagai pembimbing, tapi sebagai pasien mencari bantuan untuk mata yang sakit, atau perban untuk luka bakar, atau dari salep. dengan cara ini, kamu akan mematuhi alasan tanpa menampilkannya dan merasa nyaman dalam perawatannya — filsuf stoa.. demikian pesan sang filsuf — marcus aurelius""";
"cape,""kamu memiliki kekuasaan atas pikiranmu - bukan atas kejadian di luar. sadarilah ini, dan kamu akan menemukan kekuatan — filsuf stoa. — marcus aurelius, meditations — marcus aurelius""";
"kaget,""seni hidup lebih mirip bergulat daripada menari, karena hidup yang berkelas memerlukan persiapan untuk menghadapi dan menahan serangan yang tiba-tiba dan tak terduga sebuah pelajaran berharga.""";
"netral,""hiduplah dengan bijak: alam semesta adalah transformasi";" hidup kita adalah apa yang pikiran kita ciptakan — marcus aurelius, meditations"""
"takut,""seperti kata marcus aurelius: bukan kematian yang seharusnya membuat seorang pria takut, tetapi dia seharusnya takut untuk tidak pernah mulai hidup. pesan marcus aurelius""";
"marah,""setiap kali seseorang melakukan kesalahan terhadapmu, segera pertimbangkan apa pemikiran tentang yang baik atau jahat yang mereka miliki dalam melakukannya. pesan marcus aurelius. — marcus aurelius, meditations""";
"kaget,""seni hidup lebih mirip bergulat daripada menari, karena hidup yang berkelas memerlukan persiapan untuk menghadapi dan menahan serangan yang tiba-tiba dan tak terduga sebuah pelajaran berharga — marcus aurelius""";
"senang,""renungkan: lewati masa singkat ini dengan harmoni dengan alam, dan datanglah ke tempat peristirahatan terakhirmu dengan anggun, sama seperti zaitun yang matang bisa jatuh, memuji bumi yang memberinya makanan dan bersyukur kepada pohon yang memberinya pertumbuhan""";
"cape,""marcus aurelius mengingatkan: lihatlah ke dalam dirimu";" ada sumber kekuatan yang akan selalu muncul jika kamu terus melihat — marcus aurelius, meditations — marcus aurelius"""
"sedih,""marcus aurelius berkata: peringatan marcus aurelius: jangan kembali ke filsafat sebagai pembimbing, tapi sebagai pasien mencari bantuan untuk mata yang sakit, atau perban untuk luka bakar, atau dari salep. dengan cara ini, kamu akan mematuhi alasan tanpa menampilkannya dan merasa nyaman dalam perawatannya""";
"senang,""apa pun yang dilakukan atau dikatakan seseorang, bagi saya, saya terikat pada kebaikan. sama seperti zamrud atau emas atau ungu mungkin selalu mengumumkan: 'apa pun yang dilakukan atau dikatakan seseorang, saya harus menjadi diri saya sendiri dan menunjukkan warna sejatiku.'. pesan marcus aurelius.""";
"marah,""hiduplah dengan bijak: setiap kali seseorang melakukan kesalahan terhadapmu, segera pertimbangkan apa pemikiran tentang yang baik atau jahat yang mereka miliki dalam melakukannya. karena ketika kamu melihat itu, kamu akan merasa kasihan, bukan heran atau marah""";
"cape,""renungkan: [aku belajar] membaca dengan tekun";" tidak puas dengan pengetahuan yang ringan dan dangkal, dan tidak cepat setuju dengan hal-hal yang umum dibicarakan — marcus aurelius, meditations — marcus aurelius"""
"marah,""dalam meditations, marcus aurelius menulis: setiap kali kamu akan menyalahkan seseorang, tanyakan pada dirimu sendiri pertanyaan berikut: kesalahan apakah yang paling mirip dengan apa yang akan saya kritik ini. demikian pesan sang filsuf.""";
netral,marcus aurelius berkata: biarkanlah saja;
"cape,""kata-kata bijak marcus aurelius: penting bagi anda untuk ingat bahwa perhatian yang anda berikan pada setiap tindakan harus sebanding dengan nilainya, karena itu tidak akan membuatmu lelah dan menyerah, jika kamu tidak sibuk dengan hal-hal yang lebih kecil daripada yang seharusnya diizinkan — marcus aurelius""";
netral,kita hidup hanya sekarang — marcus aurelius. demikian pesan sang filsuf.;
"jijik,""jika seseorang dapat menunjukkan kepadaku bahwa apa yang saya pikirkan atau lakukan tidak benar, saya akan dengan senang hati berubah, karena saya mencari kebenaran, yang tidak pernah merugikan siapa pun secara sungguh-sungguh. itu orang yang terus berada dalam penipuan diri dan ketidaktahuan yang merugikan. itulah nasihat marcus aurelius — marcus aurelius""";
jijik,itu orang yang terus berada dalam penipuan diri dan ketidaktahuan yang merugikan. pesan marcus aurelius — marcus aurelius;
"takut,""seperti kata marcus aurelius: marcus aurelius mengingatkan: bukan kematian yang seharusnya membuat seorang pria takut, tetapi dia seharusnya takut untuk tidak pernah mulai hidup""";
"kaget,""peringatan marcus aurelius: seni hidup lebih mirip bergulat daripada menari, karena hidup yang berkelas memerlukan persiapan untuk menghadapi dan menahan serangan yang tiba-tiba dan tak terduga""";
"cape,""seperti kata marcus aurelius: lihatlah ke dalam dirimu";" ada sumber kekuatan yang akan selalu muncul jika kamu terus melihat — marcus aurelius, meditations — marcus aurelius"""
"senang,""seperti kata marcus aurelius: jangan berlebihan dalam impian memiliki apa yang belum kamu miliki, tapi hitunglah berkah utama yang kamu miliki, dan kemudian dengan rasa syukur ingatlah bagaimana kamu akan merindukannya jika itu bukan milikmu""";
"jijik,""ini adalah tanda kesempurnaan karakter - menghabiskan setiap hari seolah-olah itu hari terakhirmu, tanpa kebingungan, kemalasan, atau pura-pura. pesan marcus aurelius.""";
"netral,""timun itu pahit, maka buanglah! ada duri di jalan, maka hindarilah! cukuplah. mengapa memikirkan keberadaan sesuatu yang merepotkan. itulah nasihat marcus aurelius.""";
"jijik,""kebaikan hati adalah tak terkalahkan, tetapi hanya jika itu tulus, tanpa kepura-puraan atau pemalsuan. apa yang dapat dilakukan orang jahat terhadapmu jika kamu terus menunjukkan kebaikan hati dan, jika diberi kesempatan, dengan lembut menunjukkan di mana mereka salah - tepat saat mereka mencoba menyakitimu sebuah pelajaran berharga.""";
"takut,""bukan kematian yang seharusnya membuat seorang pria takut, tetapi dia seharusnya takut untuk tidak pernah mulai hidup. demikian pesan sang filsuf. pesan marcus aurelius.""";
"takut,""hiduplah dengan bijak: bukan kematian yang seharusnya membuat seorang pria takut, tetapi dia seharusnya takut untuk tidak pernah mulai hidup. pesan marcus aurelius""";
"sedih,""marcus aurelius berkata: seperti kata marcus aurelius: biarkanlah setiap hal yang akan kamu lakukan, katakan, atau niatkan, seperti milik seorang yang akan mati""";
"jijik,""kata marcus aurelius: jika seseorang dapat menunjukkan kepadaku bahwa apa yang saya pikirkan atau lakukan tidak benar, saya akan dengan senang hati berubah, karena saya mencari kebenaran, yang tidak pernah merugikan siapa pun secara sungguh-sungguh. itu orang yang terus berada dalam penipuan diri dan ketidaktahuan yang merugikan — marcus aurelius""";
"takut,""kata marcus aurelius: bukan kematian yang seharusnya membuat seorang pria takut, tetapi dia seharusnya takut untuk tidak pernah mulai hidup""";
"netral,""tidak ada tindakan sembarangan, tidak ada yang tidak didasarkan pada prinsip-prinsip mendasar sebuah pelajaran berharga.""";
"jijik,""marcus aurelius berkata: itu orang yang terus berada dalam penipuan diri dan ketidaktahuan yang merugikan — marcus aurelius, meditations""";
"marah,""apa yang dapat dilakukan orang jahat terhadapmu jika kamu terus menunjukkan kebaikan hati dan, jika diberi kesempatan, dengan lembut menunjukkan di mana mereka salah - tepat saat mereka mencoba menyakitimu. pesan marcus aurelius.""";
"cape,""dalam meditations, marcus aurelius menulis: terimalah tanpa kesombongan, lepaskan tanpa perjuangan""";
"cape,""kata-kata bijak marcus aurelius: terimalah tanpa kesombongan, lepaskan tanpa perjuangan — marcus aurelius""";
"marah,""dalam meditations, marcus aurelius menulis: hiduplah dengan kebenaran dan keadilan, toleran terhadap mereka yang tidak benar atau tidak adil""";
"takut,""marcus aurelius mengingatkan: renungkan: bukan kematian yang seharusnya membuat seorang pria takut, tetapi dia seharusnya takut untuk tidak pernah mulai hidup""";
"netral,""pikiran yang terbebas dari gairah adalah benteng yang tidak dapat ditembus - seseorang tidak memiliki tempat perlindungan yang lebih aman selamanya. pesan marcus aurelius. — marcus aurelius, meditations""";
senang,seperti kata marcus aurelius: kebahagiaan hidupmu bergantung pada kualitas pikiranmu. demikian pesan sang filsuf.;
"senang,""berikut adalah aturan untuk diingat di masa depan, ketika sesuatu merayu kamu untuk merasa pahit: bukan 'ini adalah kemalangan,' tetapi 'menanggung ini dengan baik adalah keberuntungan baik.' — marcus aurelius""";
"takut,""bukan kematian yang seharusnya membuat seorang pria takut, tetapi dia seharusnya takut untuk tidak pernah mulai hidup — filsuf stoa. pesan marcus aurelius.""";
kaget,kata marcus aurelius: takut akan perubahan? tetapi apa yang bisa ada tanpa itu? apa yang lebih dekat dengan hati alam? bisakah kamu mandi air panas dan meninggalkan kayu bakar seperti itu? makan makanan tanpa mengubahnya? dapatkah proses penting terjadi tanpa sesuatu yang berubah? tidak bisa kamu lihat? itu sama saja dengan kamu - dan sama pentingnya bagi alam;
"sedih,""dalam meditations, marcus aurelius menulis: pikirkanlah hidup yang telah kamu jalani sampai sekarang sebagai berakhir, dan sebagai seorang yang sudah mati, lihatlah apa yang masih tersisa sebagai bonus dan hiduplah sesuai dengan alam. cintailah tangan yang takdir berikan padamu dan mainkanlah seperti milikmu sendiri, karena apakah yang lebih cocok. demikian pesan sang filsuf""";
"senang,""seperti kata marcus aurelius: berilah dirimu waktu untuk belajar sesuatu yang baik, dan berhentilah berkeliaran kesana-kemari""";
"senang,""kata-kata bijak marcus aurelius: renungkanlah keindahan hidup. lihatlah bintang-bintang, dan bayangkan dirimu berlari bersama mereka. teruslah memikirkan perubahan elemen satu sama lain, karena pemikiran seperti itu membersihkan debu kehidupan duniawi""";
"marah,""karena ketika kamu melihat itu, kamu akan merasa kasihan, bukan heran atau marah. pesan marcus aurelius. — marcus aurelius, meditations""";
"takut,""peringatan marcus aurelius: bukan kematian yang seharusnya membuat seorang pria takut, tetapi dia seharusnya takut untuk tidak pernah mulai hidup. pesan marcus aurelius.""";
senang,renungkanlah keindahan hidup — marcus aurelius;
"takut,""seperti kata marcus aurelius: bukan kematian yang seharusnya membuat seorang pria takut, tetapi dia seharusnya takut untuk tidak pernah mulai hidup""";
"jijik,""marcus aurelius berkata: marcus aurelius berkata: itu orang yang terus berada dalam penipuan diri dan ketidaktahuan yang merugikan — marcus aurelius, meditations""";
"marah,""hiduplah dengan bijak: kamu tidak boleh memberi keadaan kekuasaan untuk membangkitkan kemarahan, karena mereka sama sekali tidak peduli""";
marah,renungkan: berapa banyak lebih berat akibat kemarahan dibandingkan penyebabnya;
"senang,""dalam meditations, marcus aurelius menulis: jawaban terbaik terhadap kemarahan adalah diam""";
"senang,""dalam meditations, marcus aurelius menulis: jangan bertindak seolah-olah kamu akan hidup sepuluh ribu tahun. kematian menggantung di atasmu. selama kamu hidup, selama itu dalam kekuasaanmu, berbuatlah baik""";
"netral,""karena sesuatu tampak sulit bagi anda, jangan anggap itu tidak mungkin sebuah pelajaran berharga.""";
"marah,""marcus aurelius mengingatkan: hiduplah dengan kebenaran dan keadilan, toleran terhadap mereka yang tidak benar atau tidak adil""";
"marah,""marcus aurelius berkata: pertahankan daftar di hadapan pikiranmu tentang mereka yang terbakar kemarahan dan kekecewaan terhadap sesuatu, bahkan yang paling terkenal karena kesuksesan, kemalangan, perbuatan jahat, atau prestasi istimewa apa pun. kemudian tanyakan pada dirimu sendiri, bagaimana hasilnya? asap dan debu, materi dongeng sederhana yang berusaha menjadi legenda""";
"senang,""seperti kata marcus aurelius: apa pun yang dilakukan atau dikatakan seseorang, bagi saya, saya terikat pada kebaikan. sama seperti zamrud atau emas atau ungu mungkin selalu mengumumkan: 'apa pun yang dilakukan atau dikatakan seseorang, saya harus menjadi diri saya sendiri dan menunjukkan warna sejatiku.'""";
"takut,""bukan kematian yang seharusnya membuat seorang pria takut, tetapi dia seharusnya takut untuk tidak pernah mulai hidup sebuah pelajaran berharga.""";
"takut,""bukan kematian yang seharusnya membuat seorang pria takut, tetapi dia seharusnya takut untuk tidak pernah mulai hidup""";
"senang,""teruslah memikirkan perubahan elemen satu sama lain, karena pemikiran seperti itu membersihkan debu kehidupan duniawi. demikian pesan sang filsuf.""";
"takut,""hiduplah dengan bijak: marcus aurelius mengingatkan: bukan kematian yang seharusnya membuat seorang pria takut, tetapi dia seharusnya takut untuk tidak pernah mulai hidup — marcus aurelius, meditations""";
"senang,""marcus aurelius mengingatkan: berikut adalah aturan untuk diingat di masa depan, ketika sesuatu merayu kamu untuk merasa pahit: bukan 'ini adalah kemalangan,' tetapi 'menanggung ini dengan baik adalah keberuntungan baik.' — marcus aurelius, meditations""";
"senang,""marcus aurelius berkata: tidak ada harmoni yang lebih besar — marcus aurelius, meditations""";
"senang,""renungkanlah keindahan hidup. lihatlah bintang-bintang, dan bayangkan dirimu berlari bersama mereka. teruslah memikirkan perubahan elemen satu sama lain, karena pemikiran seperti itu membersihkan debu kehidupan duniawi — marcus aurelius""";
"takut,""seperti kata marcus aurelius: bukan kematian yang seharusnya membuat seorang pria takut, tetapi dia seharusnya takut untuk tidak pernah mulai hidup — marcus aurelius, meditations""";
"takut,""marcus aurelius mengingatkan: kata marcus aurelius: bukan kematian yang seharusnya membuat seorang pria takut, tetapi dia seharusnya takut untuk tidak pernah mulai hidup""";
marah,hiduplah dengan bijak: balas dendam terbaik adalah menjadi tidak seperti orang yang melakukan kejahatan;
marah,kata marcus aurelius: balas dendam terbaik adalah menjadi tidak seperti orang yang melakukan kejahatan;
"sedih,""kata marcus aurelius: biarkanlah setiap hal yang akan kamu lakukan, katakan, atau niatkan, seperti milik seorang yang akan mati""";
"kaget,""kata marcus aurelius: seni hidup lebih mirip bergulat daripada menari, karena hidup yang berkelas memerlukan persiapan untuk menghadapi dan menahan serangan yang tiba-tiba dan tak terduga. pesan marcus aurelius.""";
"marah,""peringatan marcus aurelius: setiap kali seseorang melakukan kesalahan terhadapmu, segera pertimbangkan apa pemikiran tentang yang baik atau jahat yang mereka miliki dalam melakukannya. karena ketika kamu melihat itu, kamu akan merasa kasihan, bukan heran atau marah""";
kaget,kata marcus aurelius: kata marcus aurelius: takut akan perubahan? tetapi apa yang bisa ada tanpa itu? apa yang lebih dekat dengan hati alam? bisakah kamu mandi air panas dan meninggalkan kayu bakar seperti itu? makan makanan tanpa mengubahnya? dapatkah proses penting terjadi tanpa sesuatu yang berubah? tidak bisa kamu lihat? itu sama saja dengan kamu - dan sama pentingnya bagi alam;
"sedih,""marcus aurelius berkata: kata-kata bijak marcus aurelius: jangan kembali ke filsafat sebagai pembimbing, tapi sebagai pasien mencari bantuan untuk mata yang sakit, atau perban untuk luka bakar, atau dari salep. dengan cara ini, kamu akan mematuhi alasan tanpa menampilkannya dan merasa nyaman dalam perawatannya""";
"senang,""kata marcus aurelius: yang tidak baik untuk sarang, tidak baik untuk lebah""";
"sedih,""marcus aurelius berkata: dalam meditations, marcus aurelius menulis: biarkanlah setiap hal yang akan kamu lakukan, katakan, atau niatkan, seperti milik seorang yang akan mati""";
kaget,marcus aurelius berkata: takut akan perubahan — marcus aurelius;
"sedih,""marcus aurelius berkata: pikirkanlah hidup yang telah kamu jalani sampai sekarang sebagai berakhir, dan sebagai seorang yang sudah mati, lihatlah apa yang masih tersisa sebagai bonus dan hiduplah sesuai dengan alam. cintailah tangan yang takdir berikan padamu dan mainkanlah seperti milikmu sendiri, karena apakah yang lebih cocok""";
"kaget,""kata marcus aurelius: seni hidup lebih mirip bergulat daripada menari, karena hidup yang berkelas memerlukan persiapan untuk menghadapi dan menahan serangan yang tiba-tiba dan tak terduga — marcus aurelius""";
"sedih,""marcus aurelius berkata: marcus aurelius berkata: cobalah berdoa dengan cara yang berbeda, dan lihatlah apa yang terjadi: alih-alih meminta 'cara untuk tidur dengannya,' cobalah meminta 'cara untuk berhenti menginginkannya.' alih-alih 'cara untuk menghilangkan dia,' cobalah meminta 'cara untuk tidak merindukan kehancurannya.' alih-alih 'cara untuk tidak kehilangan anakku,' cobalah meminta 'cara untuk kehilangan ketakutan saya akan hal itu.'""";
"marah,""setiap kali kamu akan menyalahkan seseorang, tanyakan pada dirimu sendiri pertanyaan berikut: kesalahan apakah yang paling mirip dengan apa yang akan saya kritik ini sebuah pelajaran berharga.""";
"takut,""kata marcus aurelius: bukan kematian yang seharusnya membuat seorang pria takut, tetapi dia seharusnya takut untuk tidak pernah mulai hidup — filsuf stoa.""";
"takut,""marcus aurelius berkata: kata-kata bijak marcus aurelius: bukan kematian yang seharusnya membuat seorang pria takut, tetapi dia seharusnya takut untuk tidak pernah mulai hidup""";
kaget,kata marcus aurelius: peringatan marcus aurelius: takut akan perubahan? tetapi apa yang bisa ada tanpa itu? apa yang lebih dekat dengan hati alam? bisakah kamu mandi air panas dan meninggalkan kayu bakar seperti itu? makan makanan tanpa mengubahnya? dapatkah proses penting terjadi tanpa sesuatu yang berubah? tidak bisa kamu lihat? itu sama saja dengan kamu - dan sama pentingnya bagi alam;
"cape,""terimalah tanpa kesombongan, lepaskan tanpa perjuangan. itulah nasihat marcus aurelius.""";
"sedih,""biarkanlah setiap hal yang akan kamu lakukan, katakan, atau niatkan, seperti milik seorang yang akan mati — marcus aurelius, meditations""";
kaget,seperti kata marcus aurelius: takut akan perubahan? tetapi apa yang bisa ada tanpa itu? apa yang lebih dekat dengan hati alam? bisakah kamu mandi air panas dan meninggalkan kayu bakar seperti itu? makan makanan tanpa mengubahnya? dapatkah proses penting terjadi tanpa sesuatu yang berubah? tidak bisa kamu lihat? itu sama saja dengan kamu - dan sama pentingnya bagi alam — marcus aurelius;
senang,marcus aurelius mengingatkan: kebahagiaan hidupmu bergantung pada kualitas pikiranmu;
"marah,""seperti kata marcus aurelius: seberapa banyak waktu yang dia dapatkan yang tidak memandang kemarahan dan ketidaksenangan tentang sesuatu, karena itu sama sekali tidak peduli""";
"netral,""marcus aurelius mengingatkan: karena sesuatu tampak sulit bagi anda, jangan anggap itu tidak mungkin""";
"netral,""setiap organisme hidup mencapai kesempurnaan ketika mengikuti jalur yang benar untuk sifatnya sendiri — filsuf stoa. — marcus aurelius, meditations""";
"sedih,""pikirkanlah hidup yang telah kamu jalani sampai sekarang sebagai berakhir, dan sebagai seorang yang sudah mati, lihatlah apa yang masih tersisa sebagai bonus dan hiduplah sesuai dengan alam. cintailah tangan yang takdir berikan padamu dan mainkanlah seperti milikmu sendiri, karena apakah yang lebih cocok. itulah nasihat marcus aurelius.""";
"jijik,""kebaikan hati adalah tak terkalahkan, tetapi hanya jika itu tulus, tanpa kepura-puraan atau pemalsuan — marcus aurelius. demikian pesan sang filsuf.""";
"jijik,""kebaikan hati adalah tak terkalahkan, tetapi hanya jika itu tulus, tanpa kepura-puraan atau pemalsuan. apa yang dapat dilakukan orang jahat terhadapmu jika kamu terus menunjukkan kebaikan hati dan, jika diberi kesempatan, dengan lembut menunjukkan di mana mereka salah - tepat saat mereka mencoba menyakitimu — filsuf stoa""";
"marah,""seberapa banyak waktu yang dia dapatkan yang tidak memandang kemarahan dan ketidaksenangan tentang sesuatu, karena itu sama sekali tidak peduli sebuah pelajaran berharga.""";
netral,renungkan: pikiran yang terbebas dari gairah adalah benteng yang tidak dapat ditembus - seseorang tidak memiliki tempat perlindungan yang lebih aman selamanya;
jijik,kata marcus aurelius: kata marcus aurelius: itu orang yang terus berada dalam penipuan diri dan ketidaktahuan yang merugikan;
"marah,""seperti kata marcus aurelius: kamu tidak boleh memberi keadaan kekuasaan untuk membangkitkan kemarahan, karena mereka sama sekali tidak peduli""";
"takut,""peringatan marcus aurelius: bukan kematian yang seharusnya membuat seorang pria takut, tetapi dia seharusnya takut untuk tidak pernah mulai hidup — filsuf stoa.""";
senang,hidup bahagia memerlukan sedikit saja; semuanya ada di dalam dirimu dalam cara berpikirmu. itulah nasihat marcus aurelius.. demikian pesan sang filsuf.
"sedih,""hiduplah dengan bijak: biarkanlah setiap hal yang akan kamu lakukan, katakan, atau niatkan, seperti milik seorang yang akan mati""";
"marah,""renungkan: kamu tidak boleh memberi keadaan kekuasaan untuk membangkitkan kemarahan, karena mereka sama sekali tidak peduli""";
"marah,""hiduplah dengan bijak: seringkali ketidakadilan terletak pada apa yang tidak kamu lakukan, bukan hanya pada apa yang kamu lakukan""";
netral,karena dalam kekuasaanmu untuk mundur ke dalam dirimu sendiri kapan saja kamu mau — filsuf stoa.;
"marah,""seringkali ketidakadilan terletak pada apa yang tidak kamu lakukan, bukan hanya pada apa yang kamu lakukan — marcus aurelius""";
marah,balas dendam terbaik adalah menjadi tidak seperti orang yang melakukan kejahatan sebuah pelajaran berharga.. demikian pesan sang filsuf.;
"cape,""penting bagi anda untuk ingat bahwa perhatian yang anda berikan pada setiap tindakan harus sebanding dengan nilainya, karena itu tidak akan membuatmu lelah dan menyerah, jika kamu tidak sibuk dengan hal-hal yang lebih kecil daripada yang seharusnya diizinkan. pesan marcus aurelius.""";
"netral,""jika itu tidak benar, jangan lakukan";" jika itu tidak benar, jangan katakan"""
"kaget,""seni hidup lebih mirip bergulat daripada menari, karena hidup yang berkelas memerlukan persiapan untuk menghadapi dan menahan serangan yang tiba-tiba dan tak terduga""";
kaget,marcus aurelius berkata: takut akan perubahan? tetapi apa yang bisa ada tanpa itu? apa yang lebih dekat dengan hati alam? bisakah kamu mandi air panas dan meninggalkan kayu bakar seperti itu? makan makanan tanpa mengubahnya? dapatkah proses penting terjadi tanpa sesuatu yang berubah? tidak bisa kamu lihat? itu sama saja dengan kamu - dan sama pentingnya bagi alam. itulah nasihat marcus aurelius;
"sedih,""jangan kembali ke filsafat sebagai pembimbing, tapi sebagai pasien mencari bantuan untuk mata yang sakit, atau perban untuk luka bakar, atau dari salep. pesan marcus aurelius.""";
"sedih,""kata-kata bijak marcus aurelius: biarkanlah setiap hal yang akan kamu lakukan, katakan, atau niatkan, seperti milik seorang yang akan mati""";
"netral,""pilihlah untuk tidak terluka, dan kamu tidak akan merasakannya. jangan merasa terluka, dan kamu tidak akan terluka. itulah nasihat marcus aurelius.""";
"marah,""peringatan marcus aurelius: hiduplah dengan kebenaran dan keadilan, toleran terhadap mereka yang tidak benar atau tidak adil""";
"jijik,""jika seseorang dapat menunjukkan kepadaku bahwa apa yang saya pikirkan atau lakukan tidak benar, saya akan dengan senang hati berubah, karena saya mencari kebenaran, yang tidak pernah merugikan siapa pun secara sungguh-sungguh. itu orang yang terus berada dalam penipuan diri dan ketidaktahuan yang merugikan. itulah nasihat marcus aurelius.""";
cape,marcus aurelius mengingatkan: lihatlah ke dalam dirimu; ada sumber kekuatan yang akan selalu muncul jika kamu terus melihat — marcus aurelius
"sedih,""marcus aurelius berkata: jangan kembali ke filsafat sebagai pembimbing, tapi sebagai pasien mencari bantuan untuk mata yang sakit, atau perban untuk luka bakar, atau dari salep. dengan cara ini, kamu akan mematuhi alasan tanpa menampilkannya dan merasa nyaman dalam perawatannya — marcus aurelius, meditations""";
"cape,""dalam meditations, marcus aurelius menulis: penting bagi anda untuk ingat bahwa perhatian yang anda berikan pada setiap tindakan harus sebanding dengan nilainya, karena itu tidak akan membuatmu lelah dan menyerah, jika kamu tidak sibuk dengan hal-hal yang lebih kecil daripada yang seharusnya diizinkan — marcus aurelius, meditations""";
"sedih,""marcus aurelius berkata: biarkanlah setiap hal yang akan kamu lakukan, katakan, atau niatkan, seperti milik seorang yang akan mati""";
"jijik,""marcus aurelius mengingatkan: kebaikan hati adalah tak terkalahkan, tetapi hanya jika itu tulus, tanpa kepura-puraan atau pemalsuan. apa yang dapat dilakukan orang jahat terhadapmu jika kamu terus menunjukkan kebaikan hati dan, jika diberi kesempatan, dengan lembut menunjukkan di mana mereka salah - tepat saat mereka mencoba menyakitimu""";
"jijik,""marcus aurelius berkata: kata marcus aurelius: kebaikan hati adalah tak terkalahkan, tetapi hanya jika itu tulus, tanpa kepura-puraan atau pemalsuan""";
jijik,marcus aurelius mengingatkan: itu orang yang terus berada dalam penipuan diri dan ketidaktahuan yang merugikan;
kaget,dapatkah proses penting terjadi tanpa sesuatu yang berubah. pesan marcus aurelius.;
"jijik,""ini adalah tanda kesempurnaan karakter - menghabiskan setiap hari seolah-olah itu hari terakhirmu, tanpa kebingungan, kemalasan, atau pura-pura sebuah pelajaran berharga.. demikian pesan sang filsuf — marcus aurelius""";
"kaget,""marcus aurelius berkata: seni hidup lebih mirip bergulat daripada menari, karena hidup yang berkelas memerlukan persiapan untuk menghadapi dan menahan serangan yang tiba-tiba dan tak terduga. pesan marcus aurelius""";
"sedih,""biarkanlah setiap hal yang akan kamu lakukan, katakan, atau niatkan, seperti milik seorang yang akan mati. demikian pesan sang filsuf""";
"sedih,""pikirkanlah hidup yang telah kamu jalani sampai sekarang sebagai berakhir, dan sebagai seorang yang sudah mati, lihatlah apa yang masih tersisa sebagai bonus dan hiduplah sesuai dengan alam. cintailah tangan yang takdir berikan padamu dan mainkanlah seperti milikmu sendiri, karena apakah yang lebih cocok. pesan marcus aurelius.""";
"marah,""mulailah setiap hari dengan memberi tahu dirimu sendiri: hari ini saya akan bertemu dengan gangguan, ketidakberterimaan, ketidakadilan, kemauan buruk, dan egoisme - semuanya karena ketidaktahuan pelaku tentang apa yang baik atau jahat — filsuf stoa.. demikian pesan sang filsuf.""";
"sedih,""seperti kata marcus aurelius: biarkanlah setiap hal yang akan kamu lakukan, katakan, atau niatkan, seperti milik seorang yang akan mati — marcus aurelius""";
senang,kebahagiaan hidupmu bergantung pada kualitas pikiranmu. demikian pesan sang filsuf.;
kaget,kata marcus aurelius: dapatkah proses penting terjadi tanpa sesuatu yang berubah — marcus aurelius;
"cape,""peringatan marcus aurelius: kamu memiliki kekuasaan atas pikiranmu - bukan atas kejadian di luar. sadarilah ini, dan kamu akan menemukan kekuatan. demikian pesan sang filsuf.""";
"cape,""seperti kata marcus aurelius: lihatlah ke dalam dirimu";" ada sumber kekuatan yang akan selalu muncul jika kamu terus melihat — marcus aurelius, meditations"""
"sedih,""renungkan: cobalah berdoa dengan cara yang berbeda, dan lihatlah apa yang terjadi: alih-alih meminta 'cara untuk tidur dengannya,' cobalah meminta 'cara untuk berhenti menginginkannya.' alih-alih 'cara untuk menghilangkan dia,' cobalah meminta 'cara untuk tidak merindukan kehancurannya.' alih-alih 'cara untuk tidak kehilangan anakku,' cobalah meminta 'cara untuk kehilangan ketakutan saya akan hal itu.' — marcus aurelius""";
"sedih,""renungkan: pikirkanlah hidup yang telah kamu jalani sampai sekarang sebagai berakhir, dan sebagai seorang yang sudah mati, lihatlah apa yang masih tersisa sebagai bonus dan hiduplah sesuai dengan alam. cintailah tangan yang takdir berikan padamu dan mainkanlah seperti milikmu sendiri, karena apakah yang lebih cocok""";
"kaget,""marcus aurelius berkata: dalam meditations, marcus aurelius menulis: takut akan perubahan? tetapi apa yang bisa ada tanpa itu? apa yang lebih dekat dengan hati alam? bisakah kamu mandi air panas dan meninggalkan kayu bakar seperti itu? makan makanan tanpa mengubahnya? dapatkah proses penting terjadi tanpa sesuatu yang berubah? tidak bisa kamu lihat? itu sama saja dengan kamu - dan sama pentingnya bagi alam""";
"jijik,""kata marcus aurelius: kata marcus aurelius: kebaikan hati adalah tak terkalahkan, tetapi hanya jika itu tulus, tanpa kepura-puraan atau pemalsuan""";
"cape,""penting bagi anda untuk ingat bahwa perhatian yang anda berikan pada setiap tindakan harus sebanding dengan nilainya, karena itu tidak akan membuatmu lelah dan menyerah, jika kamu tidak sibuk dengan hal-hal yang lebih kecil daripada yang seharusnya diizinkan. itulah nasihat marcus aurelius""";
"marah,""pertahankan daftar di hadapan pikiranmu tentang mereka yang terbakar kemarahan dan kekecewaan terhadap sesuatu, bahkan yang paling terkenal karena kesuksesan, kemalangan, perbuatan jahat, atau prestasi istimewa apa pun. kemudian tanyakan pada dirimu sendiri, bagaimana hasilnya? asap dan debu, materi dongeng sederhana yang berusaha menjadi legenda. itulah nasihat marcus aurelius.""";
jijik,marcus aurelius berkata: itu orang yang terus berada dalam penipuan diri dan ketidaktahuan yang merugikan;
"marah,""peringatan marcus aurelius: pertahankan daftar di hadapan pikiranmu tentang mereka yang terbakar kemarahan dan kekecewaan terhadap sesuatu, bahkan yang paling terkenal karena kesuksesan, kemalangan, perbuatan jahat, atau prestasi istimewa apa pun. kemudian tanyakan pada dirimu sendiri, bagaimana hasilnya? asap dan debu, materi dongeng sederhana yang berusaha menjadi legenda""";
"sedih,""cobalah berdoa dengan cara yang berbeda, dan lihatlah apa yang terjadi: alih-alih meminta 'cara untuk tidur dengannya,' cobalah meminta 'cara untuk berhenti menginginkannya.' alih-alih 'cara untuk menghilangkan dia,' cobalah meminta 'cara untuk tidak merindukan kehancurannya.' alih-alih 'cara untuk tidak kehilangan anakku,' cobalah meminta 'cara untuk kehilangan ketakutan saya akan hal itu.'. pesan marcus aurelius.""";
"netral,""kita hidup hanya sekarang — marcus aurelius — marcus aurelius, meditations""";
"jijik,""marcus aurelius berkata: ini adalah tanda kesempurnaan karakter - menghabiskan setiap hari seolah-olah itu hari terakhirmu, tanpa kebingungan, kemalasan, atau pura-pura sebuah pelajaran berharga. — marcus aurelius, meditations""";
"marah,""kata-kata bijak marcus aurelius: seberapa banyak waktu yang dia dapatkan yang tidak memandang kemarahan dan ketidaksenangan tentang sesuatu, karena itu sama sekali tidak peduli. demikian pesan sang filsuf.""";
"jijik,""marcus aurelius berkata: hiduplah dengan bijak: jika seseorang dapat menunjukkan kepadaku bahwa apa yang saya pikirkan atau lakukan tidak benar, saya akan dengan senang hati berubah, karena saya mencari kebenaran, yang tidak pernah merugikan siapa pun secara sungguh-sungguh. itu orang yang terus berada dalam penipuan diri dan ketidaktahuan yang merugikan""";
"sedih,""pikirkanlah hidup yang telah kamu jalani sampai sekarang sebagai berakhir, dan sebagai seorang yang sudah mati, lihatlah apa yang masih tersisa sebagai bonus dan hiduplah sesuai dengan alam. cintailah tangan yang takdir berikan padamu dan mainkanlah seperti milikmu sendiri, karena apakah yang lebih cocok — filsuf stoa.. demikian pesan sang filsuf.""";
"senang,""kata-kata bijak marcus aurelius: lewati masa singkat ini dengan harmoni dengan alam, dan datanglah ke tempat peristirahatan terakhirmu dengan anggun, sama seperti zaitun yang matang bisa jatuh, memuji bumi yang memberinya makanan dan bersyukur kepada pohon yang memberinya pertumbuhan""";
"takut,""renungkan: hiduplah dengan bijak: bukan kematian yang seharusnya membuat seorang pria takut, tetapi dia seharusnya takut untuk tidak pernah mulai hidup""";
kaget,kata marcus aurelius: takut akan perubahan;
"takut,""dalam meditations, marcus aurelius menulis: bukan kematian yang seharusnya membuat seorang pria takut, tetapi dia seharusnya takut untuk tidak pernah mulai hidup — filsuf stoa.""";
"netral,""kata-kata bijak marcus aurelius: tidak ada alam yang lebih rendah dari seni, karena seni meniru alam""";
"jijik,""jika seseorang dapat menunjukkan kepadaku bahwa apa yang saya pikirkan atau lakukan tidak benar, saya akan dengan senang hati berubah, karena saya mencari kebenaran, yang tidak pernah merugikan siapa pun secara sungguh-sungguh. itu orang yang terus berada dalam penipuan diri dan ketidaktahuan yang merugikan sebuah pelajaran berharga.""";
netral,karena dalam kekuasaanmu untuk mundur ke dalam dirimu sendiri kapan saja kamu mau — filsuf stoa.. demikian pesan sang filsuf.;
"jijik,""hiduplah dengan bijak: jika seseorang dapat menunjukkan kepadaku bahwa apa yang saya pikirkan atau lakukan tidak benar, saya akan dengan senang hati berubah, karena saya mencari kebenaran, yang tidak pernah merugikan siapa pun secara sungguh-sungguh. itu orang yang terus berada dalam penipuan diri dan ketidaktahuan yang merugikan — marcus aurelius, meditations""";
"cape,""kata marcus aurelius: penting bagi anda untuk ingat bahwa perhatian yang anda berikan pada setiap tindakan harus sebanding dengan nilainya, karena itu tidak akan membuatmu lelah dan menyerah, jika kamu tidak sibuk dengan hal-hal yang lebih kecil daripada yang seharusnya diizinkan — marcus aurelius""";
"marah,""kamu tidak boleh memberi keadaan kekuasaan untuk membangkitkan kemarahan, karena mereka sama sekali tidak peduli""";
"kaget,""marcus aurelius berkata: seni hidup lebih mirip bergulat daripada menari, karena hidup yang berkelas memerlukan persiapan untuk menghadapi dan menahan serangan yang tiba-tiba dan tak terduga""";
marah,berapa banyak lebih berat akibat kemarahan dibandingkan penyebabnya — marcus aurelius;
"takut,""bukan kematian yang seharusnya membuat seorang pria takut, tetapi dia seharusnya takut untuk tidak pernah mulai hidup. itulah nasihat marcus aurelius — marcus aurelius""";
"sedih,""marcus aurelius berkata: kata marcus aurelius: jangan kembali ke filsafat sebagai pembimbing, tapi sebagai pasien mencari bantuan untuk mata yang sakit, atau perban untuk luka bakar, atau dari salep""";
kaget,kata marcus aurelius: seperti kata marcus aurelius: takut akan perubahan? tetapi apa yang bisa ada tanpa itu? apa yang lebih dekat dengan hati alam? bisakah kamu mandi air panas dan meninggalkan kayu bakar seperti itu? makan makanan tanpa mengubahnya? dapatkah proses penting terjadi tanpa sesuatu yang berubah? tidak bisa kamu lihat? itu sama saja dengan kamu - dan sama pentingnya bagi alam;
"takut,""marcus aurelius berkata: bukan kematian yang seharusnya membuat seorang pria takut, tetapi dia seharusnya takut untuk tidak pernah mulai hidup""";
"sedih,""biarkanlah setiap hal yang akan kamu lakukan, katakan, atau niatkan, seperti milik seorang yang akan mati — filsuf stoa.""";
"sedih,""jangan kembali ke filsafat sebagai pembimbing, tapi sebagai pasien mencari bantuan untuk mata yang sakit, atau perban untuk luka bakar, atau dari salep""";
"takut,""renungkan: bukan kematian yang seharusnya membuat seorang pria takut, tetapi dia seharusnya takut untuk tidak pernah mulai hidup""";
"sedih,""hiduplah dengan bijak: jangan kembali ke filsafat sebagai pembimbing, tapi sebagai pasien mencari bantuan untuk mata yang sakit, atau perban untuk luka bakar, atau dari salep. dengan cara ini, kamu akan mematuhi alasan tanpa menampilkannya dan merasa nyaman dalam perawatannya — marcus aurelius""";
jijik,itu orang yang terus berada dalam penipuan diri dan ketidaktahuan yang merugikan;
"cape,""penting bagi anda untuk ingat bahwa perhatian yang anda berikan pada setiap tindakan harus sebanding dengan nilainya, karena itu tidak akan membuatmu lelah dan menyerah, jika kamu tidak sibuk dengan hal-hal yang lebih kecil daripada yang seharusnya diizinkan — filsuf stoa.""";
"marah,""seberapa banyak waktu yang dia dapatkan yang tidak memandang kemarahan dan ketidaksenangan tentang sesuatu, karena itu sama sekali tidak peduli""";
kaget,marcus aurelius berkata: dapatkah proses penting terjadi tanpa sesuatu yang berubah. pesan marcus aurelius;
"takut,""kata marcus aurelius: marcus aurelius mengingatkan: bukan kematian yang seharusnya membuat seorang pria takut, tetapi dia seharusnya takut untuk tidak pernah mulai hidup""";
"takut,""kata-kata bijak marcus aurelius: kata marcus aurelius: bukan kematian yang seharusnya membuat seorang pria takut, tetapi dia seharusnya takut untuk tidak pernah mulai hidup""";
"takut,""bukan kematian yang seharusnya membuat seorang pria takut, tetapi dia seharusnya takut untuk tidak pernah mulai hidup — marcus aurelius — filsuf stoa.""";
"senang,""peringatan marcus aurelius: bukan tanda kejantanan untuk menjadi marah. sebaliknya, kelembutan dan kesopanan lebih manusiawi, dan oleh karena itu lebih jantan. semakin seseorang mendekati pikiran yang tenang, semakin dekat dia dengan kekuatan""";
cape,lihatlah ke dalam dirimu; ada sumber kekuatan yang akan selalu muncul jika kamu terus melihat. itulah nasihat marcus aurelius.
"senang,""peringatan marcus aurelius: dimanapun seseorang bisa hidup, disana juga seseorang bisa hidup dengan baik""";
netral,segalanya lainnya entah sudah berlalu atau belum diketahui;
kaget,marcus aurelius berkata: seperti kata marcus aurelius: takut akan perubahan? tetapi apa yang bisa ada tanpa itu? apa yang lebih dekat dengan hati alam? bisakah kamu mandi air panas dan meninggalkan kayu bakar seperti itu? makan makanan tanpa mengubahnya? dapatkah proses penting terjadi tanpa sesuatu yang berubah? tidak bisa kamu lihat? itu sama saja dengan kamu - dan sama pentingnya bagi alam;
senang,renungkan: hidup bahagia memerlukan sedikit saja; semuanya ada di dalam dirimu dalam cara berpikirmu
"marah,""setiap kali seseorang melakukan kesalahan terhadapmu, segera pertimbangkan apa pemikiran tentang yang baik atau jahat yang mereka miliki dalam melakukannya. karena ketika kamu melihat itu, kamu akan merasa kasihan, bukan heran atau marah — marcus aurelius. demikian pesan sang filsuf.""";
"jijik,""marcus aurelius berkata: ini adalah tanda kesempurnaan karakter - menghabiskan setiap hari seolah-olah itu hari terakhirmu, tanpa kebingungan, kemalasan, atau pura-pura""";
"cape,""seperti kata marcus aurelius: terimalah tanpa kesombongan, lepaskan tanpa perjuangan. demikian pesan sang filsuf.""";
"jijik,""marcus aurelius berkata: kata-kata bijak marcus aurelius: ini adalah tanda kesempurnaan karakter - menghabiskan setiap hari seolah-olah itu hari terakhirmu, tanpa kebingungan, kemalasan, atau pura-pura""";
"marah,""dalam meditations, marcus aurelius menulis: kamu tidak boleh memberi keadaan kekuasaan untuk membangkitkan kemarahan, karena mereka sama sekali tidak peduli""";
"jijik,""marcus aurelius berkata: kata marcus aurelius: jika seseorang dapat menunjukkan kepadaku bahwa apa yang saya pikirkan atau lakukan tidak benar, saya akan dengan senang hati berubah, karena saya mencari kebenaran, yang tidak pernah merugikan siapa pun secara sungguh-sungguh""";
"senang,""jangan bertindak seolah-olah kamu akan hidup sepuluh ribu tahun. kematian menggantung di atasmu. selama kamu hidup, selama itu dalam kekuasaanmu, berbuatlah baik sebuah pelajaran berharga.""";
"cape,""terimalah tanpa kesombongan, lepaskan tanpa perjuangan — filsuf stoa""";
netral,marcus aurelius berkata: kamu memiliki kekuasaan atas pikiranmu - bukan atas kejadian di luar;
cape,lihatlah ke dalam dirimu; ada sumber kekuatan yang akan selalu muncul jika kamu terus melihat
"marah,""setiap kali seseorang melakukan kesalahan terhadapmu, segera pertimbangkan apa pemikiran tentang yang baik atau jahat yang mereka miliki dalam melakukannya. karena ketika kamu melihat itu, kamu akan merasa kasihan, bukan heran atau marah — marcus aurelius""";
"takut,""hiduplah dengan bijak: bukan kematian yang seharusnya membuat seorang pria takut, tetapi dia seharusnya takut untuk tidak pernah mulai hidup. itulah nasihat marcus aurelius""";
"sedih,""hiduplah dengan bijak: biarkanlah setiap hal yang akan kamu lakukan, katakan, atau niatkan, seperti milik seorang yang akan mati — marcus aurelius""";
"takut,""kata-kata bijak marcus aurelius: renungkan: bukan kematian yang seharusnya membuat seorang pria takut, tetapi dia seharusnya takut untuk tidak pernah mulai hidup""";
"netral,""dari ketiganya, dua pertama adalah milikmu selama mereka berada di bawah perhatianmu. pesan marcus aurelius.""";
"senang,""gali dalam dirimu, karena ada sumber kebaikan yang selalu siap mengalir jika kamu terus menggali. itulah nasihat marcus aurelius.""";
kaget,marcus aurelius berkata: takut akan perubahan? tetapi apa yang bisa ada tanpa itu? apa yang lebih dekat dengan hati alam? bisakah kamu mandi air panas dan meninggalkan kayu bakar seperti itu? makan makanan tanpa mengubahnya? dapatkah proses penting terjadi tanpa sesuatu yang berubah? tidak bisa kamu lihat? itu sama saja dengan kamu - dan sama pentingnya bagi alam — filsuf stoa;
"takut,""marcus aurelius mengingatkan: bukan kematian yang seharusnya membuat seorang pria takut, tetapi dia seharusnya takut untuk tidak pernah mulai hidup — marcus aurelius, meditations — filsuf stoa.""";
marah,kata-kata bijak marcus aurelius: balas dendam terbaik adalah menjadi tidak seperti orang yang melakukan kejahatan;
netral,setiap organisme hidup mencapai kesempurnaan ketika mengikuti jalur yang benar untuk sifatnya sendiri — filsuf stoa.;
cape,seperti kata marcus aurelius: lihatlah ke dalam dirimu; ada sumber kekuatan yang akan selalu muncul jika kamu terus melihat — marcus aurelius
"netral,""pilihlah untuk tidak terluka, dan kamu tidak akan merasakannya. jangan merasa terluka, dan kamu tidak akan terluka — filsuf stoa.""";
"marah,""marcus aurelius berkata: seberapa banyak waktu yang dia dapatkan yang tidak memandang kemarahan dan ketidaksenangan tentang sesuatu, karena itu sama sekali tidak peduli""";
"takut,""bukan kematian yang seharusnya membuat seorang pria takut, tetapi dia seharusnya takut untuk tidak pernah mulai hidup. itulah nasihat marcus aurelius""";
"kaget,""marcus aurelius berkata: marcus aurelius mengingatkan: seni hidup lebih mirip bergulat daripada menari, karena hidup yang berkelas memerlukan persiapan untuk menghadapi dan menahan serangan yang tiba-tiba dan tak terduga""";
"sedih,""biarkanlah setiap hal yang akan kamu lakukan, katakan, atau niatkan, seperti milik seorang yang akan mati — filsuf stoa.. demikian pesan sang filsuf.""";
kaget,takut akan perubahan. pesan marcus aurelius — marcus aurelius;
netral,jadi apa jika kamu terluka dan tidak bisa naik tanpa bantuan prajurit lain. pesan marcus aurelius.;
"marah,""kata-kata bijak marcus aurelius: hiduplah dengan kebenaran dan keadilan, toleran terhadap mereka yang tidak benar atau tidak adil""";
"jijik,""jika seseorang dapat menunjukkan kepadaku bahwa apa yang saya pikirkan atau lakukan tidak benar, saya akan dengan senang hati berubah, karena saya mencari kebenaran, yang tidak pernah merugikan siapa pun secara sungguh-sungguh""";
"cape,""hiduplah dengan bijak: [aku belajar] membaca dengan tekun";" tidak puas dengan pengetahuan yang ringan dan dangkal, dan tidak cepat setuju dengan hal-hal yang umum dibicarakan"""
"senang,""kata marcus aurelius: dimanapun seseorang bisa hidup, disana juga seseorang bisa hidup dengan baik. demikian pesan sang filsuf.""";
"kaget,""marcus aurelius berkata: seni hidup lebih mirip bergulat daripada menari, karena hidup yang berkelas memerlukan persiapan untuk menghadapi dan menahan serangan yang tiba-tiba dan tak terduga — marcus aurelius""";
"sedih,""marcus aurelius mengingatkan: cobalah berdoa dengan cara yang berbeda, dan lihatlah apa yang terjadi: alih-alih meminta 'cara untuk tidur dengannya,' cobalah meminta 'cara untuk berhenti menginginkannya.' alih-alih 'cara untuk menghilangkan dia,' cobalah meminta 'cara untuk tidak merindukan kehancurannya.' alih-alih 'cara untuk tidak kehilangan anakku,' cobalah meminta 'cara untuk kehilangan ketakutan saya akan hal itu.' — marcus aurelius""";
"jijik,""dalam meditations, marcus aurelius menulis: jika seseorang dapat menunjukkan kepadaku bahwa apa yang saya pikirkan atau lakukan tidak benar, saya akan dengan senang hati berubah, karena saya mencari kebenaran, yang tidak pernah merugikan siapa pun secara sungguh-sungguh. itu orang yang terus berada dalam penipuan diri dan ketidaktahuan yang merugikan""";
netral,apa yang kita lakukan sekarang akan bergema dalam keabadian sebuah pelajaran berharga.;
"senang,""setiap kali kamu bangun di pagi hari, pikirkanlah betapa berharga hak istimewa untuk hidup - bernapas, berpikir, menikmati, mencintai — marcus aurelius""";
"jijik,""marcus aurelius berkata: kata marcus aurelius: jika seseorang dapat menunjukkan kepadaku bahwa apa yang saya pikirkan atau lakukan tidak benar, saya akan dengan senang hati berubah, karena saya mencari kebenaran, yang tidak pernah merugikan siapa pun secara sungguh-sungguh. itu orang yang terus berada dalam penipuan diri dan ketidaktahuan yang merugikan""";
"netral,""peringatan marcus aurelius: pilihlah untuk tidak terluka, dan kamu tidak akan merasakannya. jangan merasa terluka, dan kamu tidak akan terluka""";
"takut,""hiduplah dengan bijak: kata-kata bijak marcus aurelius: bukan kematian yang seharusnya membuat seorang pria takut, tetapi dia seharusnya takut untuk tidak pernah mulai hidup""";
"takut,""seperti kata marcus aurelius: bukan kematian yang seharusnya membuat seorang pria takut, tetapi dia seharusnya takut untuk tidak pernah mulai hidup. demikian pesan sang filsuf""";
"jijik,""marcus aurelius berkata: ini adalah tanda kesempurnaan karakter - menghabiskan setiap hari seolah-olah itu hari terakhirmu, tanpa kebingungan, kemalasan, atau pura-pura — marcus aurelius""";
"marah,""dalam meditations, marcus aurelius menulis: setiap kali kamu akan menyalahkan seseorang, tanyakan pada dirimu sendiri pertanyaan berikut: kesalahan apakah yang paling mirip dengan apa yang akan saya kritik ini""";
"senang,""marcus aurelius berkata: yang tidak baik untuk sarang, tidak baik untuk lebah. demikian pesan sang filsuf.""";
"cape,""kata marcus aurelius: terimalah tanpa kesombongan, lepaskan tanpa perjuangan — marcus aurelius""";
"netral,""peringatan marcus aurelius: kenangan tentang segala sesuatu segera terlupakan seiring waktu — marcus aurelius, meditations""";
"sedih,""marcus aurelius berkata: kata marcus aurelius: biarkanlah setiap hal yang akan kamu lakukan, katakan, atau niatkan, seperti milik seorang yang akan mati""";
senang,seperti kata marcus aurelius: aturan pertama adalah menjaga semangat yang tenang. kedua adalah menghadapi hal-hal sebagaimana adanya dan mengenalinya untuk apa adanya;
"cape,""renungkan: penting bagi anda untuk ingat bahwa perhatian yang anda berikan pada setiap tindakan harus sebanding dengan nilainya, karena itu tidak akan membuatmu lelah dan menyerah, jika kamu tidak sibuk dengan hal-hal yang lebih kecil daripada yang seharusnya diizinkan""";
"takut,""hiduplah dengan bijak: bukan kematian yang seharusnya membuat seorang pria takut, tetapi dia seharusnya takut untuk tidak pernah mulai hidup. pesan marcus aurelius.""";
jijik,itu orang yang terus berada dalam penipuan diri dan ketidaktahuan yang merugikan — marcus aurelius — marcus aurelius;
"senang,""peringatan marcus aurelius: berikut adalah aturan untuk diingat di masa depan, ketika sesuatu merayu kamu untuk merasa pahit: bukan 'ini adalah kemalangan,' tetapi 'menanggung ini dengan baik adalah keberuntungan baik.'""";
kaget,takut akan perubahan? tetapi apa yang bisa ada tanpa itu? apa yang lebih dekat dengan hati alam? bisakah kamu mandi air panas dan meninggalkan kayu bakar seperti itu? makan makanan tanpa mengubahnya? dapatkah proses penting terjadi tanpa sesuatu yang berubah? tidak bisa kamu lihat? itu sama saja dengan kamu - dan sama pentingnya bagi alam. demikian pesan sang filsuf.;
"cape,""seperti kata marcus aurelius: terimalah tanpa kesombongan, lepaskan tanpa perjuangan. demikian pesan sang filsuf""";
"sedih,""pikirkanlah hidup yang telah kamu jalani sampai sekarang sebagai berakhir, dan sebagai seorang yang sudah mati, lihatlah apa yang masih tersisa sebagai bonus dan hiduplah sesuai dengan alam. pesan marcus aurelius.. demikian pesan sang filsuf.""";
"sedih,""pikirkanlah hidup yang telah kamu jalani sampai sekarang sebagai berakhir, dan sebagai seorang yang sudah mati, lihatlah apa yang masih tersisa sebagai bonus dan hiduplah sesuai dengan alam — marcus aurelius""";
"sedih,""pikirkanlah hidup yang telah kamu jalani sampai sekarang sebagai berakhir, dan sebagai seorang yang sudah mati, lihatlah apa yang masih tersisa sebagai bonus dan hiduplah sesuai dengan alam. cintailah tangan yang takdir berikan padamu dan mainkanlah seperti milikmu sendiri, karena apakah yang lebih cocok — filsuf stoa.. demikian pesan sang filsuf""";
"senang,""kata marcus aurelius: gali dalam dirimu, karena ada sumber kebaikan yang selalu siap mengalir jika kamu terus menggali""";
netral,kita hidup hanya sekarang. segalanya lainnya entah sudah berlalu atau belum diketahui. itulah nasihat marcus aurelius.;
"takut,""peringatan marcus aurelius: bukan kematian yang seharusnya membuat seorang pria takut, tetapi dia seharusnya takut untuk tidak pernah mulai hidup — marcus aurelius""";
"sedih,""renungkan: jangan kembali ke filsafat sebagai pembimbing, tapi sebagai pasien mencari bantuan untuk mata yang sakit, atau perban untuk luka bakar, atau dari salep. dengan cara ini, kamu akan mematuhi alasan tanpa menampilkannya dan merasa nyaman dalam perawatannya. demikian pesan sang filsuf""";
